{
	"credit": "Made with Blockbench",
	"parent": "block/block",
	"ambientocclusion": false,
	"textures": {
		"lantern": "block/netherite_lantern"
	},
	"elements": [
		{
			"from": [5, 1, 5],
			"to": [11, 8, 11],
			"faces": {
				"north": {"uv": [1, 2, 7, 9], "texture": "#lantern"},
				"east": {"uv": [1, 2, 7, 9], "texture": "#lantern"},
				"south": {"uv": [1, 2, 7, 9], "texture": "#lantern"},
				"west": {"uv": [1, 2, 7, 9], "texture": "#lantern"},
				"up": {"uv": [1, 9, 7, 15], "texture": "#lantern"},
				"down": {"uv": [1, 9, 7, 15], "texture": "#lantern"}
			}
		},
		{
			"from": [8, 1, 3],
			"to": [8, 8, 13],
			"rotation": {"angle": 45, "axis": "y", "origin": [8, 4.5, 8]},
			"faces": {
				"north": {"uv": [1, 2, 7, 9], "texture": "#lantern"},
				"east": {"uv": [0, 2, 8, 9], "texture": "#lantern"},
				"south": {"uv": [0, 2, 8, 9], "texture": "#lantern"},
				"west": {"uv": [0, 2, 8, 9], "texture": "#lantern"},
				"up": {"uv": [1, 9, 7, 15], "rotation": 90, "texture": "#lantern"},
				"down": {"uv": [1, 9, 7, 15], "rotation": 270, "texture": "#lantern"}
			}
		},
		{
			"from": [3, 1, 8],
			"to": [13, 8, 8],
			"rotation": {"angle": 45, "axis": "y", "origin": [8, 4.5, 8]},
			"faces": {
				"north": {"uv": [0, 2, 8, 9], "texture": "#lantern"},
				"east": {"uv": [0, 2, 8, 9], "texture": "#lantern"},
				"south": {"uv": [0, 2, 8, 9], "texture": "#lantern"},
				"west": {"uv": [1, 2, 7, 9], "texture": "#lantern"},
				"up": {"uv": [1, 9, 7, 15], "texture": "#lantern"},
				"down": {"uv": [1, 9, 7, 15], "texture": "#lantern"}
			}
		},
		{
			"from": [6, 8, 6],
			"to": [10, 10, 10],
			"faces": {
				"north": {"uv": [2, 0, 6, 2], "texture": "#lantern"},
				"east": {"uv": [2, 0, 6, 2], "texture": "#lantern"},
				"south": {"uv": [2, 0, 6, 2], "texture": "#lantern"},
				"west": {"uv": [2, 0, 6, 2], "texture": "#lantern"},
				"up": {"uv": [2, 10, 6, 14], "texture": "#lantern"},
				"down": {"uv": [1, 10, 5, 14], "texture": "#lantern"}
			}
		},
		{
			"from": [5.5, 10, 8],
			"to": [10.5, 15, 8],
			"shade": false,
			"rotation": {"angle": 45, "axis": "y", "origin": [8, 8, 8]},
			"faces": {
				"north": {"uv": [10, 3, 15, 8], "texture": "#lantern"},
				"south": {"uv": [10, 3, 15, 8], "texture": "#lantern"}
			}
		},
		{
			"from": [8, 10, 5.5],
			"to": [8, 16, 10.5],
			"shade": false,
			"rotation": {"angle": 45, "axis": "y", "origin": [8, 8, 8]},
			"faces": {
				"east": {"uv": [10, 0, 15, 6], "texture": "#lantern"},
				"west": {"uv": [10, 0, 15, 6], "texture": "#lantern"}
			}
		}
	],
	"gui_light": "front",
	"display": {
		"thirdperson_righthand": {
			"rotation": [68, 45, 0],
			"translation": [0, -2.75, -3.5],
			"scale": [0.53, 0.53, 0.53]
		},
		"thirdperson_lefthand": {
			"rotation": [68, 45, 0],
			"translation": [0, -2.75, -3.5],
			"scale": [0.53, 0.53, 0.53]
		},
		"firstperson_righthand": {
			"rotation": [13.25, 45, 0],
			"translation": [3.25, 3.75, 0.25],
			"scale": [0.61, 0.61, 0.61]
		},
		"firstperson_lefthand": {
			"rotation": [13.25, 45, 0],
			"translation": [3.25, 3.75, 0.25],
			"scale": [0.61, 0.61, 0.61]
		},
		"ground": {
			"translation": [0, 3, 0],
			"scale": [0.43, 0.43, 0.43]
		},
		"gui": {
			"rotation": [0, -90, 0]
		},
		"fixed": {
			"rotation": [90, 0, 0],
			"translation": [0, 0, -14],
			"scale": [2, 2, 2]
		}
	}
}