{
	"credit": "Made with Blockbench",
	"texture_size": [64, 64],
	"textures": {
		"0": "entity/cinder_hurt",
		"particle": "entity/cinder_hurt"
	},
	"elements": [
		{
			"name": "head",
			"from": [-15.77326, -0.73847, 2],
			"to": [-7.77326, 7.26153, 10],
			"rotation": {"angle": 0, "axis": "z", "origin": [-2.01739, 3.24414, 7.59522]},
			"faces": {
				"north": {"uv": [10, 2, 12, 4], "rotation": 90, "texture": "#0"},
				"east": {"uv": [14, 0, 12, 2], "rotation": 270, "texture": "#0"},
				"south": {"uv": [14, 2, 16, 4], "rotation": 270, "texture": "#0"},
				"west": {"uv": [12, 2, 10, 0], "rotation": 270, "texture": "#0"},
				"up": {"uv": [8, 2, 10, 4], "rotation": 270, "texture": "#0"},
				"down": {"uv": [12, 2, 14, 4], "rotation": 270, "texture": "#0"}
			}
		},
		{
			"name": "head",
			"from": [-7.77326, -0.73847, 2],
			"to": [-5.77326, 7.26153, 10],
			"rotation": {"angle": 0, "axis": "z", "origin": [-2.01739, 3.24414, 7.59522]},
			"faces": {
				"north": {"uv": [10, 6, 12, 6.5], "rotation": 90, "texture": "#0"},
				"east": {"uv": [14, 4, 12, 6], "rotation": 270, "texture": "#0"},
				"south": {"uv": [14, 6, 16, 6.5], "rotation": 270, "texture": "#0"},
				"west": {"uv": [12, 6, 10, 4], "rotation": 270, "texture": "#0"},
				"up": {"uv": [8, 6, 10, 6.5], "rotation": 270, "texture": "#0"},
				"down": {"uv": [12, 6, 14, 6.5], "rotation": 270, "texture": "#0"}
			}
		},
		{
			"name": "head_outline",
			"from": [-5.77326, 7.26153, 10],
			"to": [-7.77326, -0.73847, 2],
			"rotation": {"angle": 0, "axis": "z", "origin": [-2.01739, 3.24414, 7.59522]},
			"faces": {
				"north": {"uv": [14, 6, 16, 6.5], "rotation": 270, "texture": "#0"},
				"east": {"uv": [12, 6, 10, 4], "rotation": 90, "texture": "#0"},
				"south": {"uv": [10, 6, 12, 6.5], "rotation": 90, "texture": "#0"},
				"west": {"uv": [14, 4, 12, 6], "rotation": 90, "texture": "#0"},
				"up": {"uv": [14, 6, 12, 6.5], "rotation": 90, "texture": "#0"},
				"down": {"uv": [10, 6, 8, 6.5], "rotation": 90, "texture": "#0"}
			}
		},
		{
			"from": [-4.1846, 9.24079, 4.5],
			"to": [10.8154, 12.24079, 9.5],
			"rotation": {"angle": 22.5, "axis": "z", "origin": [-2.01739, 3.24414, 7.59522]},
			"faces": {
				"north": {"uv": [5.25, 1.25, 6, 5], "rotation": 90, "texture": "#0"},
				"east": {"uv": [6.75, 0, 6, 1.25], "rotation": 270, "texture": "#0"},
				"south": {"uv": [7.25, 1.25, 8, 5], "rotation": 270, "texture": "#0"},
				"west": {"uv": [6, 1.25, 5.25, 0], "rotation": 270, "texture": "#0"},
				"up": {"uv": [4, 1.25, 5.25, 5], "rotation": 270, "texture": "#0"},
				"down": {"uv": [6, 1.25, 7.25, 5], "rotation": 270, "texture": "#0"}
			}
		},
		{
			"from": [-4.15986, -5.91172, 4.5],
			"to": [10.84014, -2.91172, 9.5],
			"rotation": {"angle": -22.5, "axis": "z", "origin": [-2.01739, 3.24414, 7.59522]},
			"faces": {
				"north": {"uv": [1.25, 1.25, 2, 5], "rotation": 90, "texture": "#0"},
				"east": {"uv": [2.75, 0, 3.5, 1.25], "rotation": 270, "texture": "#0"},
				"south": {"uv": [3.25, 1.25, 4, 5], "rotation": 270, "texture": "#0"},
				"west": {"uv": [2, 0, 2.75, 1.25], "rotation": 270, "texture": "#0"},
				"up": {"uv": [0, 1.25, 1.25, 5], "rotation": 270, "texture": "#0"},
				"down": {"uv": [2, 1.25, 3.25, 5], "rotation": 270, "texture": "#0"}
			}
		},
		{
			"from": [-4.63067, -1.73847, 2.87995],
			"to": [-2.63067, 8.26153, 12.87995],
			"rotation": {"angle": 0, "axis": "z", "origin": [-2.01739, 3.24414, 7.59522]},
			"faces": {
				"north": {"uv": [2.5, 15, 5, 15.5], "rotation": 90, "texture": "#0"},
				"east": {"uv": [7.5, 12.5, 5, 15], "rotation": 270, "texture": "#0"},
				"south": {"uv": [7.5, 15, 10, 15.5], "rotation": 270, "texture": "#0"},
				"west": {"uv": [5, 15, 2.5, 12.5], "rotation": 270, "texture": "#0"},
				"up": {"uv": [0, 15, 2.5, 15.5], "rotation": 270, "texture": "#0"},
				"down": {"uv": [5, 15, 7.5, 15.5], "rotation": 270, "texture": "#0"}
			}
		},
		{
			"name": "cube_outline",
			"from": [-2.63067, 8.26153, 12.87995],
			"to": [-4.63067, -1.73847, 2.87995],
			"rotation": {"angle": 0, "axis": "z", "origin": [-2.01739, 3.24414, 7.59522]},
			"faces": {
				"north": {"uv": [7.5, 15, 10, 15.5], "rotation": 270, "texture": "#0"},
				"east": {"uv": [5, 15, 2.5, 12.5], "rotation": 90, "texture": "#0"},
				"south": {"uv": [2.5, 15, 5, 15.5], "rotation": 90, "texture": "#0"},
				"west": {"uv": [7.5, 12.5, 5, 15], "rotation": 90, "texture": "#0"},
				"up": {"uv": [5, 15, 7.5, 15.5], "rotation": 90, "texture": "#0"},
				"down": {"uv": [0, 15, 2.5, 15.5], "rotation": 90, "texture": "#0"}
			}
		},
		{
			"from": [4.06485, -0.73847, 3.34922],
			"to": [6.06485, 7.26153, 11.34922],
			"rotation": {"angle": 0, "axis": "z", "origin": [-2.01739, 3.24414, 7.59522]},
			"faces": {
				"north": {"uv": [10, 15.5, 12, 16], "rotation": 90, "texture": "#0"},
				"east": {"uv": [14, 13.5, 12, 15.5], "rotation": 270, "texture": "#0"},
				"south": {"uv": [14, 15.5, 16, 16], "rotation": 270, "texture": "#0"},
				"west": {"uv": [12, 15.5, 10, 13.5], "rotation": 270, "texture": "#0"},
				"up": {"uv": [8, 15.5, 10, 16], "rotation": 270, "texture": "#0"},
				"down": {"uv": [12, 15.5, 14, 16], "rotation": 270, "texture": "#0"}
			}
		},
		{
			"name": "cube_outline",
			"from": [6.06485, 7.26153, 11.34922],
			"to": [4.06485, -0.73847, 3.34922],
			"rotation": {"angle": 0, "axis": "z", "origin": [-2.01739, 3.24414, 7.59522]},
			"faces": {
				"north": {"uv": [14, 15.5, 16, 16], "rotation": 270, "texture": "#0"},
				"east": {"uv": [12, 15.5, 10, 13.5], "rotation": 90, "texture": "#0"},
				"south": {"uv": [10, 15.5, 12, 16], "rotation": 90, "texture": "#0"},
				"west": {"uv": [14, 13.5, 12, 15.5], "rotation": 90, "texture": "#0"},
				"up": {"uv": [12, 15.5, 14, 16], "rotation": 90, "texture": "#0"},
				"down": {"uv": [8, 15.5, 10, 16], "rotation": 90, "texture": "#0"}
			}
		},
		{
			"from": [-0.32619, -0.73847, 3.41069],
			"to": [1.67381, 7.26153, 11.41069],
			"rotation": {"angle": 0, "axis": "z", "origin": [-2.01739, 3.24414, 7.59522]},
			"faces": {
				"north": {"uv": [10, 15.5, 12, 16], "rotation": 90, "texture": "#0"},
				"east": {"uv": [14, 13.5, 12, 15.5], "rotation": 270, "texture": "#0"},
				"south": {"uv": [14, 15.5, 16, 16], "rotation": 270, "texture": "#0"},
				"west": {"uv": [12, 15.5, 10, 13.5], "rotation": 270, "texture": "#0"},
				"up": {"uv": [8, 15.5, 10, 16], "rotation": 270, "texture": "#0"},
				"down": {"uv": [12, 15.5, 14, 16], "rotation": 270, "texture": "#0"}
			}
		},
		{
			"name": "cube_outline",
			"from": [1.67381, 7.26153, 11.41069],
			"to": [-0.32619, -0.73847, 3.41069],
			"rotation": {"angle": 0, "axis": "z", "origin": [-2.01739, 3.24414, 7.59522]},
			"faces": {
				"north": {"uv": [14, 15.5, 16, 16], "rotation": 270, "texture": "#0"},
				"east": {"uv": [12, 15.5, 10, 13.5], "rotation": 90, "texture": "#0"},
				"south": {"uv": [10, 15.5, 12, 16], "rotation": 90, "texture": "#0"},
				"west": {"uv": [14, 13.5, 12, 15.5], "rotation": 90, "texture": "#0"},
				"up": {"uv": [12, 15.5, 14, 16], "rotation": 90, "texture": "#0"},
				"down": {"uv": [8, 15.5, 10, 16], "rotation": 90, "texture": "#0"}
			}
		}
	],
	"display": {
		"head": {
			"translation": [1.5, -66.5, 0],
			"scale": [1.6, 1.6, 1.6]
		}
	},
	"groups": [
		{
			"name": "cinder",
			"origin": [8, 8, 8],
			"color": 0,
			"children": [
				{
					"name": "head",
					"origin": [0, 24, 0],
					"color": 0,
					"children": [0, 1, 2]
				},
				{
					"name": "arm1",
					"origin": [0, 6, 0],
					"color": 0,
					"children": [3]
				},
				{
					"name": "arm2",
					"origin": [0, 6, 0],
					"color": 0,
					"children": [4]
				},
				{
					"name": "body",
					"origin": [8, 8, 8],
					"color": 0,
					"children": [
						{
							"name": "group",
							"origin": [7, 12, 0],
							"color": 0,
							"children": [5, 6]
						},
						{
							"name": "group",
							"origin": [7, 8, 0],
							"color": 0,
							"children": [7, 8]
						},
						{
							"name": "group",
							"origin": [7, 16, 0],
							"color": 0,
							"children": [9, 10]
						}
					]
				}
			]
		}
	]
}