{
	"credit": "Made with Blockbench",
	"texture_size": [64, 64],
	"textures": {
		"0": "entity/cinder",
		"particle": "entity/cinder"
	},
	"elements": [
		{
			"name": "head",
			"from": [3, 21, 2],
			"to": [11, 29, 10],
			"rotation": {"angle": 0, "axis": "y", "origin": [7, 17, 6]},
			"faces": {
				"north": {"uv": [10, 2, 12, 4], "texture": "#0"},
				"east": {"uv": [8, 2, 10, 4], "texture": "#0"},
				"south": {"uv": [14, 2, 16, 4], "texture": "#0"},
				"west": {"uv": [12, 2, 14, 4], "texture": "#0"},
				"up": {"uv": [12, 2, 10, 0], "texture": "#0"},
				"down": {"uv": [14, 0, 12, 2], "texture": "#0"}
			}
		},
		{
			"name": "head",
			"from": [3, 19, 2],
			"to": [11, 21, 10],
			"rotation": {"angle": 0, "axis": "y", "origin": [7, 17, 6]},
			"faces": {
				"north": {"uv": [10, 6, 12, 6.5], "texture": "#0"},
				"east": {"uv": [8, 6, 10, 6.5], "texture": "#0"},
				"south": {"uv": [14, 6, 16, 6.5], "texture": "#0"},
				"west": {"uv": [12, 6, 14, 6.5], "texture": "#0"},
				"up": {"uv": [12, 6, 10, 4], "texture": "#0"},
				"down": {"uv": [14, 4, 12, 6], "texture": "#0"}
			}
		},
		{
			"name": "head_outline",
			"from": [11, 21, 10],
			"to": [3, 19, 2],
			"rotation": {"angle": 0, "axis": "y", "origin": [7, 17, 6]},
			"faces": {
				"north": {"uv": [14, 6, 16, 6.5], "rotation": 180, "texture": "#0"},
				"east": {"uv": [14, 6, 12, 6.5], "rotation": 180, "texture": "#0"},
				"south": {"uv": [10, 6, 12, 6.5], "rotation": 180, "texture": "#0"},
				"west": {"uv": [10, 6, 8, 6.5], "rotation": 180, "texture": "#0"},
				"up": {"uv": [14, 4, 12, 6], "rotation": 180, "texture": "#0"},
				"down": {"uv": [12, 6, 10, 4], "rotation": 180, "texture": "#0"}
			}
		},
		{
			"from": [12, 5, 4.5],
			"to": [15, 20, 9.5],
			"rotation": {"angle": 22.5, "axis": "z", "origin": [13, 19, 5.5]},
			"faces": {
				"north": {"uv": [5.25, 1.25, 6, 5], "texture": "#0"},
				"east": {"uv": [4, 1.25, 5.25, 5], "texture": "#0"},
				"south": {"uv": [7.25, 1.25, 8, 5], "texture": "#0"},
				"west": {"uv": [6, 1.25, 7.25, 5], "texture": "#0"},
				"up": {"uv": [6, 1.25, 5.25, 0], "texture": "#0"},
				"down": {"uv": [6.75, 0, 6, 1.25], "texture": "#0"}
			}
		},
		{
			"from": [-1, 5, 4.5],
			"to": [2, 20, 9.5],
			"rotation": {"angle": -22.5, "axis": "z", "origin": [1, 19.5, 5.5]},
			"faces": {
				"north": {"uv": [1.25, 1.25, 2, 5], "texture": "#0"},
				"east": {"uv": [0, 1.25, 1.25, 5], "texture": "#0"},
				"south": {"uv": [3.25, 1.25, 4, 5], "texture": "#0"},
				"west": {"uv": [2, 1.25, 3.25, 5], "texture": "#0"},
				"up": {"uv": [2, 0, 2.75, 1.25], "texture": "#0"},
				"down": {"uv": [2.75, 0, 3.5, 1.25], "texture": "#0"}
			}
		},
		{
			"from": [2, 15, 4],
			"to": [12, 17, 14],
			"rotation": {"angle": -22.5, "axis": "x", "origin": [7, 12, 6]},
			"faces": {
				"north": {"uv": [2.5, 15, 5, 15.5], "texture": "#0"},
				"east": {"uv": [0, 15, 2.5, 15.5], "texture": "#0"},
				"south": {"uv": [7.5, 15, 10, 15.5], "texture": "#0"},
				"west": {"uv": [5, 15, 7.5, 15.5], "texture": "#0"},
				"up": {"uv": [5, 15, 2.5, 12.5], "texture": "#0"},
				"down": {"uv": [7.5, 12.5, 5, 15], "texture": "#0"}
			}
		},
		{
			"name": "cube_outline",
			"from": [12, 17, 14],
			"to": [2, 15, 4],
			"rotation": {"angle": -22.5, "axis": "x", "origin": [7, 12, 6]},
			"faces": {
				"north": {"uv": [7.5, 15, 10, 15.5], "rotation": 180, "texture": "#0"},
				"east": {"uv": [5, 15, 7.5, 15.5], "rotation": 180, "texture": "#0"},
				"south": {"uv": [2.5, 15, 5, 15.5], "rotation": 180, "texture": "#0"},
				"west": {"uv": [0, 15, 2.5, 15.5], "rotation": 180, "texture": "#0"},
				"up": {"uv": [7.5, 12.5, 5, 15], "rotation": 180, "texture": "#0"},
				"down": {"uv": [5, 15, 2.5, 12.5], "rotation": 180, "texture": "#0"}
			}
		},
		{
			"from": [3, 6, 6],
			"to": [11, 8, 14],
			"rotation": {"angle": -22.5, "axis": "x", "origin": [7, 8, 6]},
			"faces": {
				"north": {"uv": [10, 15.5, 12, 16], "texture": "#0"},
				"east": {"uv": [8, 15.5, 10, 16], "texture": "#0"},
				"south": {"uv": [14, 15.5, 16, 16], "texture": "#0"},
				"west": {"uv": [12, 15.5, 14, 16], "texture": "#0"},
				"up": {"uv": [12, 15.5, 10, 13.5], "texture": "#0"},
				"down": {"uv": [14, 13.5, 12, 15.5], "texture": "#0"}
			}
		},
		{
			"name": "cube_outline",
			"from": [11, 8, 14],
			"to": [3, 6, 6],
			"rotation": {"angle": -22.5, "axis": "x", "origin": [7, 8, 6]},
			"faces": {
				"north": {"uv": [14, 15.5, 16, 16], "rotation": 180, "texture": "#0"},
				"east": {"uv": [12, 15.5, 14, 16], "rotation": 180, "texture": "#0"},
				"south": {"uv": [10, 15.5, 12, 16], "rotation": 180, "texture": "#0"},
				"west": {"uv": [8, 15.5, 10, 16], "rotation": 180, "texture": "#0"},
				"up": {"uv": [14, 13.5, 12, 15.5], "rotation": 180, "texture": "#0"},
				"down": {"uv": [12, 15.5, 10, 13.5], "rotation": 180, "texture": "#0"}
			}
		},
		{
			"from": [3, 11, 3],
			"to": [11, 13, 11],
			"rotation": {"angle": -22.5, "axis": "x", "origin": [7, 16, 6]},
			"faces": {
				"north": {"uv": [10, 15.5, 12, 16], "texture": "#0"},
				"east": {"uv": [8, 15.5, 10, 16], "texture": "#0"},
				"south": {"uv": [14, 15.5, 16, 16], "texture": "#0"},
				"west": {"uv": [12, 15.5, 14, 16], "texture": "#0"},
				"up": {"uv": [12, 15.5, 10, 13.5], "texture": "#0"},
				"down": {"uv": [14, 13.5, 12, 15.5], "texture": "#0"}
			}
		},
		{
			"name": "cube_outline",
			"from": [11, 13, 11],
			"to": [3, 11, 3],
			"rotation": {"angle": -22.5, "axis": "x", "origin": [7, 16, 6]},
			"faces": {
				"north": {"uv": [14, 15.5, 16, 16], "rotation": 180, "texture": "#0"},
				"east": {"uv": [12, 15.5, 14, 16], "rotation": 180, "texture": "#0"},
				"south": {"uv": [10, 15.5, 12, 16], "rotation": 180, "texture": "#0"},
				"west": {"uv": [8, 15.5, 10, 16], "rotation": 180, "texture": "#0"},
				"up": {"uv": [14, 13.5, 12, 15.5], "rotation": 180, "texture": "#0"},
				"down": {"uv": [12, 15.5, 10, 13.5], "rotation": 180, "texture": "#0"}
			}
		}
	],
	"display": {
		"head": {
			"translation": [1.5, -66.5, 0],
			"scale": [1.6, 1.6, 1.6]
		}
	},
	"groups": [
		{
			"name": "cinder",
			"origin": [8, 8, 8],
			"color": 0,
			"children": [
				{
					"name": "head",
					"origin": [0, 24, 0],
					"color": 0,
					"children": [0, 1, 2]
				},
				{
					"name": "arm1",
					"origin": [0, 6, 0],
					"color": 0,
					"children": [3]
				},
				{
					"name": "arm2",
					"origin": [0, 6, 0],
					"color": 0,
					"children": [4]
				},
				{
					"name": "body",
					"origin": [8, 8, 8],
					"color": 0,
					"children": [
						{
							"name": "group",
							"origin": [7, 12, 0],
							"color": 0,
							"children": [5, 6]
						},
						{
							"name": "group",
							"origin": [7, 8, 0],
							"color": 0,
							"children": [7, 8]
						},
						{
							"name": "group",
							"origin": [7, 16, 0],
							"color": 0,
							"children": [9, 10]
						}
					]
				}
			]
		}
	]
}