{   
	"parent": "block/block",
    
	"textures": {
        
		"particle": "block/dirt",
        
		"top": "block/dirt_path_top2",
        
		"side": "block/dirt_path_side",
        
		"bottom": "block/dirt",
		"rock": "block/rock"
    
		},
    
		"elements": [
{   
			"from": [ 0, 0, 0 ],
            
			"to": [ 16, 15, 16 ],
            
			"faces": {
                
				"down":  { "uv": [ 0, 0, 16, 16 ], "texture": "#bottom", "cullface": "down" },
                
				"up":    { "uv": [ 0, 0, 16, 16 ], "texture": "#top" },
                
				"north": { "uv": [ 0, 1, 16, 16 ], "texture": "#side", "cullface": "north" },
                
				"south": { "uv": [ 0, 1, 16, 16 ], "texture": "#side", "cullface": "south" },
                
				"west":  { "uv": [ 0, 1, 16, 16 ], "texture": "#side", "cullface": "west" },
                
				"east":  { "uv": [ 0, 1, 16, 16 ], "texture": "#side", "cullface": "east" }
            
			}

	        
	}
,
	{
            "name": "Cube",
            "from": [ 3, 15, 2 ], 
            "to": [ 5, 16, 6 ], 
            "faces": {
                "north": { "texture": "#rock", "uv": [ 0, 0, 2, 1 ] },
                "east": { "texture": "#rock", "uv": [ 0, 0, 4, 1 ] },
                "south": { "texture": "#rock", "uv": [ 0, 0, 2, 1 ] },
                "west": { "texture": "#rock", "uv": [ 0, 0, 4, 1 ] },
                "up": { "texture": "#rock", "uv": [ 0, 0, 2, 4 ] }
            }
        },
        {
            "name": "Cube",
            "from": [ 2, 15, 3 ], 
            "to": [ 3, 16, 5 ], 
            "faces": {
                "north": { "texture": "#rock", "uv": [ 0, 0, 1, 1 ] },
                "south": { "texture": "#rock", "uv": [ 0, 0, 1, 1 ] },
                "west": { "texture": "#rock", "uv": [ 0, 0, 2, 1 ] },
                "up": { "texture": "#rock", "uv": [ 0, 0, 1, 2 ] }
            }
        },
        {
            "name": "Cube",
            "from": [ 5, 15, 3 ], 
            "to": [ 6, 16, 5 ], 
            "faces": {
                "north": { "texture": "#rock", "uv": [ 0, 0, 1, 1 ] },
                "east": { "texture": "#rock", "uv": [ 0, 0, 2, 1 ] },
                "south": { "texture": "#rock", "uv": [ 0, 0, 1, 1 ] },
                "up": { "texture": "#rock", "uv": [ 0, 0, 1, 2 ] }
            }
        },
        {
            "name": "Cube",
            "from": [ 1, 15, 7 ], 
            "to": [ 2, 16, 8 ], 
            "faces": {
                "north": { "texture": "#rock", "uv": [ 0, 0, 1, 1 ] },
                "east": { "texture": "#rock", "uv": [ 0, 0, 1, 1 ] },
                "south": { "texture": "#rock", "uv": [ 0, 0, 1, 1 ] },
                "west": { "texture": "#rock", "uv": [ 0, 0, 1, 1 ] },
                "up": { "texture": "#rock", "uv": [ 0, 0, 1, 1 ] }
            }
        },
        {
            "name": "Cube",
            "from": [ 6, 15, 7 ], 
            "to": [ 8, 16, 9 ], 
            "faces": {
                "north": { "texture": "#rock", "uv": [ 0, 0, 2, 1 ] },
                "east": { "texture": "#rock", "uv": [ 0, 0, 2, 1 ] },
                "south": { "texture": "#rock", "uv": [ 0, 0, 2, 1 ] },
                "west": { "texture": "#rock", "uv": [ 0, 0, 2, 1 ] },
                "up": { "texture": "#rock", "uv": [ 3, 1, 5, 3 ] }
            }
        },
        {
            "name": "Cube",
            "from": [ 5, 15, 8 ], 
            "to": [ 6, 16, 9 ], 
            "faces": {
                "north": { "texture": "#rock", "uv": [ 0, 0, 1, 1 ] },
                "south": { "texture": "#rock", "uv": [ 0, 0, 1, 1 ] },
                "west": { "texture": "#rock", "uv": [ 0, 0, 1, 1 ] },
                "up": { "texture": "#rock", "uv": [ 0, 0, 1, 1 ] }
            }
        },
        {
            "name": "Cube",
            "from": [ 6, 15, 9 ], 
            "to": [ 7, 16, 10 ], 
            "faces": {
                "east": { "texture": "#rock", "uv": [ 0, 0, 1, 1 ] },
                "south": { "texture": "#rock", "uv": [ 0, 0, 1, 1 ] },
                "west": { "texture": "#rock", "uv": [ 0, 0, 1, 1 ] },
                "up": { "texture": "#rock", "uv": [ 0, 0, 1, 1 ] }
            }
        },
        {
            "name": "Cube",
            "from": [ 3, 15, 13 ], 
            "to": [ 5, 16, 14 ], 
            "faces": {
                "north": { "texture": "#rock", "uv": [ 0, 0, 2, 1 ] },
                "east": { "texture": "#rock", "uv": [ 0, 0, 1, 1 ] },
                "south": { "texture": "#rock", "uv": [ 0, 0, 2, 1 ] },
                "west": { "texture": "#rock", "uv": [ 0, 0, 1, 1 ] },
                "up": { "texture": "#rock", "uv": [ 0, 0, 2, 1 ] }
            }
        },
        {
            "name": "Cube",
            "from": [ 13, 15, 11 ], 
            "to": [ 15, 16, 13 ], 
            "faces": {
                "north": { "texture": "#rock", "uv": [ 0, 0, 2, 1 ] },
                "east": { "texture": "#rock", "uv": [ 0, 0, 2, 1 ] },
                "south": { "texture": "#rock", "uv": [ 0, 0, 2, 1 ] },
                "west": { "texture": "#rock", "uv": [ 0, 0, 2, 1 ] },
                "up": { "texture": "#rock", "uv": [ 0, 0, 2, 2 ] }
            }
        },
        {
            "name": "Cube",
            "from": [ 14, 15, 10 ], 
            "to": [ 15, 16, 11 ], 
            "faces": {
                "north": { "texture": "#rock", "uv": [ 0, 0, 1, 1 ] },
                "east": { "texture": "#rock", "uv": [ 0, 0, 1, 1 ] },
                "west": { "texture": "#rock", "uv": [ 0, 0, 1, 1 ] },
                "up": { "texture": "#rock", "uv": [ 0, 0, 1, 1 ] }
            }
        },
        {
            "name": "Cube",
            "from": [ 10, 15, 3 ], 
            "to": [ 11, 16, 5 ], 
            "faces": {
                "north": { "texture": "#rock", "uv": [ 0, 0, 1, 1 ] },
                "east": { "texture": "#rock", "uv": [ 0, 0, 2, 1 ] },
                "south": { "texture": "#rock", "uv": [ 0, 0, 1, 1 ] },
                "west": { "texture": "#rock", "uv": [ 0, 0, 2, 1 ] },
                "up": { "texture": "#rock", "uv": [ 0, 0, 1, 2 ] }
            }
        },
        {
            "name": "Cube",
            "from": [ 11, 15, 4 ], 
            "to": [ 12, 16, 5 ], 
            "faces": {
                "north": { "texture": "#rock", "uv": [ 0, 0, 1, 1 ] },
                "east": { "texture": "#rock", "uv": [ 0, 0, 1, 1 ] },
                "south": { "texture": "#rock", "uv": [ 0, 0, 1, 1 ] },
                "up": { "texture": "#rock", "uv": [ 0, 0, 1, 1 ] }
            }
        },
        {
            "name": "Cube",
            "from": [ 4, 15, 14 ], 
            "to": [ 5, 16, 15 ], 
            "faces": {
                "east": { "texture": "#rock", "uv": [ 0, 0, 1, 1 ] },
                "south": { "texture": "#rock", "uv": [ 0, 0, 1, 1 ] },
                "west": { "texture": "#rock", "uv": [ 0, 0, 1, 1 ] },
                "up": { "texture": "#rock", "uv": [ 0, 0, 1, 1 ] }
            }
        }

]

}
