{   
	"parent": "block/block",
    
	"textures": {
        
		"particle": "block/dirt",
        
		"top": "block/dirt_path_top4",
        
		"side": "block/dirt_path_side",
        
		"bottom": "block/dirt",
		"rock": "block/rock"
 
    
	},
    
	"elements": [
        {   
		"from": [ 0, 0, 0 ],
            
		"to": [ 16, 15, 16 ],
            
		"faces": {
                
			"down":  { "uv": [ 0, 0, 16, 16 ], "texture": "#bottom", "cullface": "down" },
                
			"up":    { "uv": [ 0, 0, 16, 16 ], "texture": "#top" },
                
			"north": { "uv": [ 0, 1, 16, 16 ], "texture": "#side", "cullface": "north" },
                
			"south": { "uv": [ 0, 1, 16, 16 ], "texture": "#side", "cullface": "south" },
                
			"west":  { "uv": [ 0, 1, 16, 16 ], "texture": "#side", "cullface": "west" },
                
			"east":  { "uv": [ 0, 1, 16, 16 ], "texture": "#side", "cullface": "east" }
            
		}

       		
	 },
	{
            "name": "Cube",
            "from": [ 4, 15, 9 ], 
            "to": [ 6, 16, 10 ], 
            "faces": {
                "north": { "texture": "#rock", "uv": [ 0, 0, 2, 1 ] },
                "east": { "texture": "#rock", "uv": [ 0, 0, 1, 1 ] },
                "west": { "texture": "#rock", "uv": [ 0, 0, 1, 1 ] },
                "up": { "texture": "#rock", "uv": [ 0, 0, 2, 1 ] }
            }
        },
        {
            "name": "Cube",
            "from": [ 3, 15, 10 ], 
            "to": [ 7, 16, 12 ], 
            "faces": {
                "north": { "texture": "#rock", "uv": [ 0, 0, 4, 1 ] },
                "east": { "texture": "#rock", "uv": [ 0, 0, 2, 1 ] },
                "south": { "texture": "#rock", "uv": [ 0, 0, 4, 1 ] },
                "west": { "texture": "#rock", "uv": [ 0, 0, 2, 1 ] },
                "up": { "texture": "#rock", "uv": [ 0, 0, 4, 2 ] }
            }
        },
        {
            "name": "Cube",
            "from": [ 7, 15, 11 ], 
            "to": [ 8, 16, 12 ], 
            "faces": {
                "north": { "texture": "#rock", "uv": [ 0, 0, 1, 1 ] },
                "east": { "texture": "#rock", "uv": [ 0, 0, 1, 1 ] },
                "south": { "texture": "#rock", "uv": [ 0, 0, 1, 1 ] },
                "up": { "texture": "#rock", "uv": [ 0, 0, 1, 1 ] }
            }
        },
        {
            "name": "Cube",
            "from": [ 11, 15, 3 ], 
            "to": [ 12, 16, 4 ], 
            "faces": {
                "north": { "texture": "#rock", "uv": [ 0, 0, 1, 1 ] },
                "east": { "texture": "#rock", "uv": [ 0, 0, 1, 1 ] },
                "south": { "texture": "#rock", "uv": [ 0, 0, 1, 1 ] },
                "west": { "texture": "#rock", "uv": [ 0, 0, 1, 1 ] },
                "up": { "texture": "#rock", "uv": [ 0, 0, 1, 1 ] }
            }
        },
        {
            "name": "Cube",
            "from": [ 4, 15, 12 ], 
            "to": [ 7, 16, 13 ], 
            "faces": {
                "east": { "texture": "#rock", "uv": [ 0, 0, 1, 1 ] },
                "south": { "texture": "#rock", "uv": [ 0, 0, 3, 1 ] },
                "west": { "texture": "#rock", "uv": [ 0, 0, 1, 1 ] },
                "up": { "texture": "#rock", "uv": [ 0, 0, 3, 1 ] }
            }
        }
		

    
]
}
