{   
	"parent": "block/block",
    
	"textures": {
        
		"particle": "block/dirt",
        
		"top": "block/dirt_path_top",
        
		"side": "block/dirt_path_side",
        
		"bottom": "block/dirt"
,
		"rock": "block/rock"
		   
	},
    
	"elements": [

		{   	"from": [ 0, 0, 0 ],
            
			"to": [ 16, 15, 16 ],
            
			"faces": {
                
				"down":  { "uv": [ 0, 0, 16, 16 ], "texture": "#bottom", "cullface": "down" },
                
				"up":    { "uv": [ 0, 0, 16, 16 ], "texture": "#top" },
                
				"north": { "uv": [ 0, 1, 16, 16 ], "texture": "#side", "cullface": "north" },
                
				"south": { "uv": [ 0, 1, 16, 16 ], "texture": "#side", "cullface": "south" },
                
				"west":  { "uv": [ 0, 1, 16, 16 ], "texture": "#side", "cullface": "west" },
                
				"east":  { "uv": [ 0, 1, 16, 16 ], "texture": "#side", "cullface": "east" }
            
		}
	},
	{
            "from": [ 3, 15, 3 ], 
            "to": [ 5, 16, 6 ], 
            "faces": {
                "north": { "texture": "#rock", "uv": [ 0, 0, 2, 1 ] },
                "east": { "texture": "#rock", "uv": [ 0, 0, 3, 1 ] },
                "south": { "texture": "#rock", "uv": [ 0, 0, 2, 1 ] },
                "west": { "texture": "#rock", "uv": [ 0, 0, 3, 1 ] },
                "up": { "texture": "#rock", "uv": [ 0, 0, 2, 3 ] }
            }
        },
        {
            
            "from": [ 2, 15, 4 ], 
            "to": [ 3, 16, 5 ], 
            "faces": {
                "north": { "texture": "#rock", "uv": [ 0, 0, 1, 1 ] },
                "south": { "texture": "#rock", "uv": [ 0, 0, 1, 1 ] },
                "west": { "texture": "#rock", "uv": [ 0, 0, 1, 1 ] },
                "up": { "texture": "#rock", "uv": [ 0, 0, 1, 1 ] }
            }
        },
        {
            
            "from": [ 5, 15, 4 ], 
            "to": [ 6, 16, 6 ], 
            "faces": {
                "north": { "texture": "#rock", "uv": [ 0, 0, 1, 1 ] },
                "east": { "texture": "#rock", "uv": [ 0, 0, 2, 1 ] },
                "south": { "texture": "#rock", "uv": [ 0, 0, 1, 1 ] },
                "up": { "texture": "#rock", "uv": [ 0, 0, 1, 2 ] }
            }
        },
        {
            
            "from": [ 4, 15, 6 ], 
            "to": [ 5, 16, 7 ], 
            "faces": {
                "east": { "texture": "#rock", "uv": [ 0, 0, 1, 1 ] },
                "south": { "texture": "#rock", "uv": [ 0, 0, 1, 1 ] },
                "west": { "texture": "#rock", "uv": [ 0, 0, 1, 1 ] },
                "up": { "texture": "#rock", "uv": [ 0, 0, 1, 1 ] }
            }
        },
        {
           
            "from": [ 3, 15, 9 ], 
            "to": [ 5, 16, 12 ], 
            "faces": {
                "north": { "texture": "#rock", "uv": [ 0, 0, 2, 1 ] },
                "east": { "texture": "#rock", "uv": [ 0, 0, 3, 1 ] },
                "south": { "texture": "#rock", "uv": [ 0, 0, 2, 1 ] },
                "west": { "texture": "#rock", "uv": [ 0, 0, 3, 1 ] },
                "up": { "texture": "#rock", "uv": [ 3, 1, 5, 4 ] }
            }
        },
        {
            
            "from": [ 2, 15, 10 ], 
            "to": [ 3, 16, 12 ], 
            "faces": {
                "north": { "texture": "#rock", "uv": [ 0, 0, 1, 1 ] },
                "south": { "texture": "#rock", "uv": [ 0, 0, 1, 1 ] },
                "west": { "texture": "#rock", "uv": [ 0, 0, 2, 1 ] },
                "up": { "texture": "#rock", "uv": [ 0, 0, 1, 2 ] }
            }
        },
        {
            
            "from": [ 5, 15, 10 ], 
            "to": [ 6, 16, 11 ], 
            "faces": {
                "north": { "texture": "#rock", "uv": [ 0, 0, 1, 1 ] },
                "east": { "texture": "#rock", "uv": [ 0, 0, 1, 1 ] },
                "south": { "texture": "#rock", "uv": [ 0, 0, 1, 1 ] },
                "up": { "texture": "#rock", "uv": [ 0, 0, 1, 1 ] }
            }
        },
        {
            
            "from": [ 6, 15, 14 ], 
            "to": [ 7, 16, 15 ], 
            "faces": {
                "north": { "texture": "#rock", "uv": [ 0, 0, 1, 1 ] },
                "east": { "texture": "#rock", "uv": [ 0, 0, 1, 1 ] },
                "south": { "texture": "#rock", "uv": [ 0, 0, 1, 1 ] },
                "west": { "texture": "#rock", "uv": [ 0, 0, 1, 1 ] },
                "up": { "texture": "#rock", "uv": [ 0, 0, 1, 1 ] }
            }
        },
        {
            
            "from": [ 10, 15, 12 ], 
            "to": [ 12, 16, 13 ], 
            "faces": {
                "north": { "texture": "#rock", "uv": [ 0, 0, 2, 1 ] },
                "east": { "texture": "#rock", "uv": [ 0, 0, 1, 1 ] },
                "south": { "texture": "#rock", "uv": [ 0, 0, 2, 1 ] },
                "west": { "texture": "#rock", "uv": [ 0, 0, 1, 1 ] },
                "up": { "texture": "#rock", "uv": [ 0, 0, 2, 1 ] }
            }
        },
        {
            
            "from": [ 11, 15, 11 ], 
            "to": [ 12, 16, 12 ], 
            "faces": {
                "north": { "texture": "#rock", "uv": [ 0, 0, 1, 1 ] },
                "east": { "texture": "#rock", "uv": [ 0, 0, 1, 1 ] },
                "west": { "texture": "#rock", "uv": [ 0, 0, 1, 1 ] },
                "up": { "texture": "#rock", "uv": [ 0, 0, 1, 1 ] }
            }
        },
        {
            
            "from": [ 11, 15, 6 ], 
            "to": [ 13, 16, 8 ], 
            "faces": {
                "north": { "texture": "#rock", "uv": [ 0, 0, 2, 1 ] },
                "east": { "texture": "#rock", "uv": [ 0, 0, 2, 1 ] },
                "south": { "texture": "#rock", "uv": [ 0, 0, 2, 1 ] },
                "west": { "texture": "#rock", "uv": [ 0, 0, 2, 1 ] },
                "up": { "texture": "#rock", "uv": [ 0, 0, 2, 2 ] }
            }
        },
        {
            
            "from": [ 12, 15, 5 ], 
            "to": [ 14, 16, 6 ], 
            "faces": {
                "north": { "texture": "#rock", "uv": [ 0, 0, 2, 1 ] },
                "east": { "texture": "#rock", "uv": [ 0, 0, 1, 1 ] },
                "south": { "texture": "#rock", "uv": [ 0, 0, 2, 1 ] },
                "west": { "texture": "#rock", "uv": [ 0, 0, 1, 1 ] },
                "up": { "texture": "#rock", "uv": [ 0, 0, 2, 1 ] }
            }
        },
        {
            
            "from": [ 8, 15, 4 ], 
            "to": [ 10, 16, 7 ], 
            "faces": {
                "north": { "texture": "#rock", "uv": [ 0, 0, 2, 1 ] },
                "east": { "texture": "#rock", "uv": [ 0, 0, 3, 1 ] },
                "south": { "texture": "#rock", "uv": [ 0, 0, 2, 1 ] },
                "west": { "texture": "#rock", "uv": [ 0, 0, 3, 1 ] },
                "up": { "texture": "#rock", "uv": [ 0, 0, 2, 3 ] }
            }
        },
        {
            
            "from": [ 9, 15, 7 ], 
            "to": [ 10, 16, 8 ], 
            "faces": {
                "east": { "texture": "#rock", "uv": [ 0, 0, 1, 1 ] },
                "south": { "texture": "#rock", "uv": [ 0, 0, 1, 1 ] },
                "west": { "texture": "#rock", "uv": [ 0, 0, 1, 1 ] },
                "up": { "texture": "#rock", "uv": [ 0, 0, 1, 1 ] }
            }
        },
        {
            
            "from": [ 10, 15, 5 ], 
            "to": [ 11, 16, 6 ], 
            "faces": {
                "east": { "texture": "#rock", "uv": [ 0, 0, 1, 1 ] },
                "south": { "texture": "#rock", "uv": [ 0, 0, 1, 1 ] },
                "up": { "texture": "#rock", "uv": [ 0, 0, 1, 1 ] }
            }
        },
        {
            
            "from": [ 9, 15, 3 ], 
            "to": [ 10, 16, 4 ], 
            "faces": {
                "north": { "texture": "#rock", "uv": [ 0, 0, 1, 1 ] },
                "west": { "texture": "#rock", "uv": [ 0, 0, 1, 1 ] },
                "up": { "texture": "#rock", "uv": [ 0, 0, 1, 1 ] }
            }
        },
        {
            
            "from": [ 10, 15, 3 ], 
            "to": [ 12, 16, 5 ], 
            "faces": {
                "north": { "texture": "#rock", "uv": [ 0, 0, 2, 1 ] },
                "east": { "texture": "#rock", "uv": [ 0, 0, 2, 1 ] },
                "south": { "texture": "#rock", "uv": [ 0, 0, 2, 1 ] },
                "west": { "texture": "#rock", "uv": [ 0, 0, 2, 1 ] },
                "up": { "texture": "#rock", "uv": [ 0, 0, 2, 2 ] }
            }
        },
        {
            
            "from": [ 13, 15, 6 ], 
            "to": [ 14, 16, 7 ], 
            "faces": {
                "east": { "texture": "#rock", "uv": [ 0, 0, 1, 1 ] },
                "south": { "texture": "#rock", "uv": [ 0, 0, 1, 1 ] },
                "up": { "texture": "#rock", "uv": [ 0, 0, 1, 1 ] }
            }
        }



]

}
