{   
	"parent": "block/block",
    
	"textures": {
        
		"particle": "block/dirt",
        
		"top": "block/dirt_path_top3",
        
		"side": "block/dirt_path_side",
        
		"bottom": "block/dirt",
		"rock": "block/rock"
   
	},
    
	"elements": [
{   
		"from": [ 0, 0, 0 ],
            
		"to": [ 16, 15, 16 ],
            
		"faces": {
                
			"down":  { "uv": [ 0, 0, 16, 16 ], "texture": "#bottom", "cullface": "down" },
                
			"up":    { "uv": [ 0, 0, 16, 16 ], "texture": "#top" },
                
			"north": { "uv": [ 0, 1, 16, 16 ], "texture": "#side", "cullface": "north" },
                
			"south": { "uv": [ 0, 1, 16, 16 ], "texture": "#side", "cullface": "south" },
                
			"west":  { "uv": [ 0, 1, 16, 16 ], "texture": "#side", "cullface": "west" },
                
			"east":  { "uv": [ 0, 1, 16, 16 ], "texture": "#side", "cullface": "east" }
            
		}

       		

	 },
	{
            "name": "Cube",
            "from": [ 1, 15, 7 ], 
            "to": [ 2, 16, 8 ], 
            "faces": {
                "north": { "texture": "#rock", "uv": [ 0, 0, 1, 1 ] },
                "east": { "texture": "#rock", "uv": [ 0, 0, 1, 1 ] },
                "south": { "texture": "#rock", "uv": [ 0, 0, 1, 1 ] },
                "west": { "texture": "#rock", "uv": [ 0, 0, 1, 1 ] },
                "up": { "texture": "#rock", "uv": [ 0, 0, 1, 1 ] }
            }
        },
        {
            "name": "Cube",
            "from": [ 5, 15, 7 ], 
            "to": [ 11, 16, 9 ], 
            "faces": {
                "north": { "texture": "#rock", "uv": [ 0, 0, 6, 1 ] },
                "east": { "texture": "#rock", "uv": [ 0, 0, 2, 1 ] },
                "south": { "texture": "#rock", "uv": [ 0, 0, 6, 1 ] },
                "west": { "texture": "#rock", "uv": [ 0, 0, 2, 1 ] },
                "up": { "texture": "#rock", "uv": [ 3, 1, 9, 3 ] }
            }
        },
        {
            "name": "Cube",
            "from": [ 4, 15, 8 ], 
            "to": [ 5, 16, 10 ], 
            "faces": {
                "north": { "texture": "#rock", "uv": [ 0, 0, 1, 1 ] },
                "east": { "texture": "#rock", "uv": [ 0, 0, 2, 1 ] },
                "south": { "texture": "#rock", "uv": [ 0, 0, 1, 1 ] },
                "west": { "texture": "#rock", "uv": [ 0, 0, 2, 1 ] },
                "up": { "texture": "#rock", "uv": [ 0, 0, 1, 2 ] }
            }
        },
        {
            "name": "Cube",
            "from": [ 5, 15, 9 ], 
            "to": [ 9, 16, 10 ], 
            "faces": {
                "east": { "texture": "#rock", "uv": [ 0, 0, 1, 1 ] },
                "south": { "texture": "#rock", "uv": [ 0, 0, 4, 1 ] },
                "up": { "texture": "#rock", "uv": [ 0, 0, 4, 1 ] }
            }
        },
        {
            "name": "Cube",
            "from": [ 2, 15, 12 ], 
            "to": [ 3, 16, 13 ], 
            "faces": {
                "north": { "texture": "#rock", "uv": [ 0, 0, 1, 1 ] },
                "east": { "texture": "#rock", "uv": [ 0, 0, 1, 1 ] },
                "west": { "texture": "#rock", "uv": [ 0, 0, 1, 1 ] },
                "up": { "texture": "#rock", "uv": [ 0, 0, 1, 1 ] }
            }
        },
        {
            "name": "Cube",
            "from": [ 13, 15, 11 ], 
            "to": [ 14, 16, 13 ], 
            "faces": {
                "north": { "texture": "#rock", "uv": [ 0, 0, 1, 1 ] },
                "east": { "texture": "#rock", "uv": [ 0, 0, 2, 1 ] },
                "south": { "texture": "#rock", "uv": [ 0, 0, 1, 1 ] },
                "west": { "texture": "#rock", "uv": [ 0, 0, 2, 1 ] },
                "up": { "texture": "#rock", "uv": [ 0, 0, 1, 2 ] }
            }
        },
        {
            "name": "Cube",
            "from": [ 12, 15, 12 ], 
            "to": [ 13, 16, 13 ], 
            "faces": {
                "north": { "texture": "#rock", "uv": [ 0, 0, 1, 1 ] },
                "south": { "texture": "#rock", "uv": [ 0, 0, 1, 1 ] },
                "west": { "texture": "#rock", "uv": [ 0, 0, 1, 1 ] },
                "up": { "texture": "#rock", "uv": [ 0, 0, 1, 1 ] }
            }
        },
        {
            "name": "Cube",
            "from": [ 11, 15, 3 ], 
            "to": [ 14, 16, 5 ], 
            "faces": {
                "north": { "texture": "#rock", "uv": [ 0, 0, 3, 1 ] },
                "east": { "texture": "#rock", "uv": [ 0, 0, 2, 1 ] },
                "south": { "texture": "#rock", "uv": [ 0, 0, 3, 1 ] },
                "west": { "texture": "#rock", "uv": [ 0, 0, 2, 1 ] },
                "up": { "texture": "#rock", "uv": [ 0, 0, 3, 2 ] }
            }
        },
        {
            "name": "Cube",
            "from": [ 11, 15, 5 ], 
            "to": [ 13, 16, 6 ], 
            "faces": {
                "east": { "texture": "#rock", "uv": [ 0, 0, 1, 1 ] },
                "south": { "texture": "#rock", "uv": [ 0, 0, 2, 1 ] },
                "west": { "texture": "#rock", "uv": [ 0, 0, 1, 1 ] },
                "up": { "texture": "#rock", "uv": [ 0, 0, 2, 1 ] }
            }
        },
        {
            "name": "Cube",
            "from": [ 2, 15, 13 ], 
            "to": [ 4, 16, 15 ], 
            "faces": {
                "north": { "texture": "#rock", "uv": [ 0, 0, 2, 1 ] },
                "east": { "texture": "#rock", "uv": [ 0, 0, 2, 1 ] },
                "south": { "texture": "#rock", "uv": [ 0, 0, 2, 1 ] },
                "west": { "texture": "#rock", "uv": [ 0, 0, 2, 1 ] },
                "up": { "texture": "#rock", "uv": [ 0, 0, 2, 2 ] }
            }
        },
        {
            "name": "Cube",
            "from": [ 7, 15, 6 ], 
            "to": [ 10, 16, 7 ], 
            "faces": {
                "north": { "texture": "#rock", "uv": [ 0, 0, 3, 1 ] },
                "east": { "texture": "#rock", "uv": [ 0, 0, 1, 1 ] },
                "west": { "texture": "#rock", "uv": [ 0, 0, 1, 1 ] },
                "up": { "texture": "#rock", "uv": [ 3, 1, 6, 2 ] }
            }
        },
        {
            "name": "Cube",
            "from": [ 10, 15, 9 ], 
            "to": [ 11, 16, 10 ], 
            "faces": {
                "east": { "texture": "#rock", "uv": [ 0, 0, 1, 1 ] },
                "south": { "texture": "#rock", "uv": [ 0, 0, 1, 1 ] },
                "west": { "texture": "#rock", "uv": [ 0, 0, 1, 1 ] },
                "up": { "texture": "#rock", "uv": [ 0, 0, 1, 1 ] }
            }
        },
        {
            "name": "Cube",
            "from": [ 5, 15, 10 ], 
            "to": [ 8, 16, 11 ], 
            "faces": {
                "east": { "texture": "#rock", "uv": [ 0, 0, 1, 1 ] },
                "south": { "texture": "#rock", "uv": [ 0, 0, 3, 1 ] },
                "west": { "texture": "#rock", "uv": [ 0, 0, 1, 1 ] },
                "up": { "texture": "#rock", "uv": [ 0, 0, 3, 1 ] }
            }
        },
        {
            "name": "Cube",
            "from": [ 7, 15, 11 ], 
            "to": [ 9, 16, 12 ], 
            "faces": {
                "north": { "texture": "#rock", "uv": [ 0, 0, 2, 1 ] },
                "east": { "texture": "#rock", "uv": [ 0, 0, 1, 1 ] },
                "south": { "texture": "#rock", "uv": [ 0, 0, 2, 1 ] },
                "west": { "texture": "#rock", "uv": [ 0, 0, 1, 1 ] },
                "up": { "texture": "#rock", "uv": [ 0, 0, 2, 1 ] }
            }
        },
        {
            "name": "Cube",
            "from": [ 12, 15, 14 ], 
            "to": [ 13, 16, 15 ], 
            "faces": {
                "north": { "texture": "#rock", "uv": [ 0, 0, 1, 1 ] },
                "east": { "texture": "#rock", "uv": [ 0, 0, 1, 1 ] },
                "south": { "texture": "#rock", "uv": [ 0, 0, 1, 1 ] },
                "west": { "texture": "#rock", "uv": [ 0, 0, 1, 1 ] },
                "up": { "texture": "#rock", "uv": [ 0, 0, 1, 1 ] }
            }
        },
        {
            "name": "Cube",
            "from": [ 11, 15, 2 ], 
            "to": [ 13, 16, 3 ], 
            "faces": {
                "north": { "texture": "#rock", "uv": [ 0, 0, 2, 1 ] },
                "east": { "texture": "#rock", "uv": [ 0, 0, 1, 1 ] },
                "west": { "texture": "#rock", "uv": [ 0, 0, 1, 1 ] },
                "up": { "texture": "#rock", "uv": [ 0, 0, 2, 1 ] }
            }
        },
        {
            "name": "Cube",
            "from": [ 10, 15, 3 ], 
            "to": [ 11, 16, 4 ], 
            "faces": {
                "north": { "texture": "#rock", "uv": [ 0, 0, 1, 1 ] },
                "south": { "texture": "#rock", "uv": [ 0, 0, 1, 1 ] },
                "west": { "texture": "#rock", "uv": [ 0, 0, 1, 1 ] },
                "up": { "texture": "#rock", "uv": [ 0, 0, 1, 1 ] }
            }
        }
			

]
}
