{
	"credit": "Made with Blockbench",
	"ambientocclusion": false,
	"textures": {
		"0": "blast_fungus",
		"particle": "blast_fungus"
	},
	"elements": [
		{
			"from": [3.5, 2, 3.5],
			"to": [12.5, 11, 12.5],
			"faces": {
				"north": {"uv": [3, 3, 12, 12], "texture": "#0"},
				"east": {"uv": [3, 3, 12, 12], "texture": "#0"},
				"south": {"uv": [3, 3, 12, 12], "texture": "#0"},
				"west": {"uv": [3, 3, 12, 12], "texture": "#0"},
				"up": {"uv": [3, 3, 12, 12], "texture": "#0"},
				"down": {"uv": [3, 3, 12, 12], "texture": "#0"}
			}
		},
		{
			"from": [1.5, 0, 3.75],
			"to": [14.5, 13, 3.75],
			"rotation": {"angle": 0, "axis": "y", "origin": [8, 6.5, 8.5]},
			"faces": {
				"north": {"uv": [1, 1, 14, 14], "texture": "#0"},
				"east": {"uv": [1, 1, 14, 14], "texture": "#0"},
				"south": {"uv": [1, 1, 14, 14], "texture": "#0"},
				"west": {"uv": [1, 1, 14, 14], "texture": "#0"},
				"up": {"uv": [1, 1, 14, 14], "texture": "#0"},
				"down": {"uv": [1, 1, 14, 14], "texture": "#0"}
			}
		},
		{
			"from": [12.25, 0, 1.5],
			"to": [12.25, 13, 14.5],
			"rotation": {"angle": 0, "axis": "y", "origin": [8, 6.5, 4]},
			"faces": {
				"north": {"uv": [1, 1, 14, 14], "texture": "#0"},
				"east": {"uv": [1, 1, 14, 14], "texture": "#0"},
				"south": {"uv": [1, 1, 14, 14], "texture": "#0"},
				"west": {"uv": [1, 1, 14, 14], "texture": "#0"},
				"up": {"uv": [1, 1, 14, 14], "rotation": 90, "texture": "#0"},
				"down": {"uv": [1, 1, 14, 14], "rotation": 270, "texture": "#0"}
			}
		},
		{
			"from": [3.75, 0, 1.5],
			"to": [3.75, 13, 14.5],
			"rotation": {"angle": 0, "axis": "y", "origin": [8, 6.5, 4]},
			"faces": {
				"north": {"uv": [1, 1, 14, 14], "texture": "#0"},
				"east": {"uv": [1, 1, 14, 14], "texture": "#0"},
				"south": {"uv": [1, 1, 14, 14], "texture": "#0"},
				"west": {"uv": [1, 1, 14, 14], "texture": "#0"},
				"up": {"uv": [1, 1, 14, 14], "rotation": 90, "texture": "#0"},
				"down": {"uv": [1, 1, 14, 14], "rotation": 270, "texture": "#0"}
			}
		},
		{
			"from": [1.5, 0, 12.25],
			"to": [14.5, 13, 12.25],
			"rotation": {"angle": 0, "axis": "y", "origin": [8, 6.5, 8.5]},
			"faces": {
				"north": {"uv": [1, 1, 14, 14], "texture": "#0"},
				"east": {"uv": [1, 1, 14, 14], "texture": "#0"},
				"south": {"uv": [1, 1, 14, 14], "texture": "#0"},
				"west": {"uv": [1, 1, 14, 14], "texture": "#0"},
				"up": {"uv": [1, 1, 14, 14], "texture": "#0"},
				"down": {"uv": [1, 1, 14, 14], "texture": "#0"}
			}
		}
	],
	"display": {
		"thirdperson_righthand": {
			"rotation": [75, 45, 0],
			"translation": [0, 2.5, 1.25],
			"scale": [0.61, 0.61, 0.61]
		},
		"thirdperson_lefthand": {
			"rotation": [75, 45, 0],
			"translation": [0, 2.5, 1.25],
			"scale": [0.61, 0.61, 0.61]
		},
		"firstperson_righthand": {
			"rotation": [7.75, 30.5, 0],
			"translation": [1.25, 2.25, -1],
			"scale": [0.63, 0.63, 0.63]
		},
		"firstperson_lefthand": {
			"rotation": [7.75, 30.5, 0],
			"translation": [1.25, 2.25, -1],
			"scale": [0.63, 0.63, 0.63]
		},
		"ground": {
			"translation": [0, 3, 0],
			"scale": [0.48, 0.48, 0.48]
		},
		"gui": {
			"rotation": [30, 225, 0],
			"translation": [0, 1.25, 0],
			"scale": [0.97, 0.97, 0.97]
		},
		"head": {
			"translation": [0, 12.5, 0]
		},
		"fixed": {
			"translation": [0, 2.75, 4],
			"scale": [1.53, 1.53, 1.53]
		}
	}
}