{
  "parent": "item/handheld_rod",
  "textures": {
    "layer0": "item/carrot_on_a_stick"
  },
  "overrides": [
    {
      "predicate": {
        "custom_model_data": 360501
      },
      "model": "custom_item/charged_totem_of_soultrap"
    },
    {
      "predicate": {
        "custom_model_data": 360502
      },
      "model": "custom_item/totem_of_soultrap"
    },
    {
      "predicate": {
        "custom_model_data": 360601
      },
      "model": "custom_item/frost_charm"
    }
  ]
}