{
	"credit": "Made with Blockbench",
	"ambientocclusion": false,
	"texture_size": [64, 64],
	"textures": {
		"0": "block/delta_core",
		"3": "block/blackstone_top",
		"4": "block/blackstone",
		"5": "block/basalt_side",
		"6": "block/basalt_top",
		"particle": "block/delta_core"
	},
	"elements": [
		{
			"from": [1, 0, 1],
			"to": [15, 9, 15],
			"rotation": {"angle": 0, "axis": "y", "origin": [9, 8, 9]},
			"faces": {
				"north": {"uv": [1, 2, 15, 11], "texture": "#5"},
				"east": {"uv": [1, 2, 15, 11], "texture": "#5"},
				"south": {"uv": [1, 2, 15, 11], "texture": "#5"},
				"west": {"uv": [1, 2, 15, 11], "texture": "#5"},
				"up": {"uv": [1, 1, 15, 15], "texture": "#6"},
				"down": {"uv": [1, 1, 15, 15], "texture": "#6"}
			}
		},
		{
			"from": [5, 14, 5],
			"to": [11, 14, 11],
			"rotation": {"angle": 0, "axis": "y", "origin": [9, 9, 9]},
			"faces": {
				"north": {"uv": [0, 0, 6, 0], "texture": "#0"},
				"east": {"uv": [0, 0, 6, 0], "texture": "#0"},
				"south": {"uv": [0, 0, 6, 0], "texture": "#0"},
				"west": {"uv": [0, 0, 6, 0], "texture": "#0"},
				"up": {"uv": [1, 0, 7, 6], "texture": "#0"},
				"down": {"uv": [8, 1, 14, 7], "texture": "#0"}
			}
		},
		{
			"from": [3, 9, 3],
			"to": [13, 15, 5],
			"rotation": {"angle": 0, "axis": "y", "origin": [9, 9, 9]},
			"faces": {
				"north": {"uv": [2, 1, 12, 7], "texture": "#4"},
				"east": {"uv": [2, 5, 4, 11], "texture": "#4"},
				"south": {"uv": [4, 3, 10, 9], "texture": "#0"},
				"west": {"uv": [2, 5, 4, 11], "texture": "#4"},
				"up": {"uv": [4, 3, 14, 5], "texture": "#3"},
				"down": {"uv": [0, 0, 2.5, 0.5], "texture": "#missing"}
			}
		},
		{
			"from": [3, 9, 11],
			"to": [13, 15, 13],
			"rotation": {"angle": 0, "axis": "y", "origin": [9, 9, 17]},
			"faces": {
				"north": {"uv": [5, 7, 11, 13], "texture": "#0"},
				"east": {"uv": [10, 5, 12, 11], "texture": "#4"},
				"south": {"uv": [2, 1, 12, 7], "texture": "#4"},
				"west": {"uv": [10, 5, 12, 11], "texture": "#4"},
				"up": {"uv": [4, 11, 14, 13], "texture": "#3"},
				"down": {"uv": [0, 0, 2.5, 0.5], "texture": "#missing"}
			}
		},
		{
			"from": [3, 9, 5],
			"to": [5, 15, 11],
			"rotation": {"angle": 0, "axis": "y", "origin": [9, 9, 17]},
			"faces": {
				"north": {"uv": [0, 0, 0.5, 1.5], "texture": "#missing"},
				"east": {"uv": [2, 9, 8, 15], "texture": "#0"},
				"south": {"uv": [0, 0, 0.5, 1.5], "texture": "#missing"},
				"west": {"uv": [4, 5, 10, 11], "texture": "#4"},
				"up": {"uv": [4, 5, 6, 11], "texture": "#3"},
				"down": {"uv": [0, 0, 0.5, 1.5], "texture": "#missing"}
			}
		},
		{
			"from": [11, 9, 5],
			"to": [13, 15, 11],
			"rotation": {"angle": 0, "axis": "y", "origin": [17, 9, 17]},
			"faces": {
				"north": {"uv": [0, 0, 0.5, 1.5], "texture": "#missing"},
				"east": {"uv": [4, 5, 10, 11], "texture": "#4"},
				"south": {"uv": [0, 0, 0.5, 1.5], "texture": "#missing"},
				"west": {"uv": [9, 4, 15, 10], "texture": "#0"},
				"up": {"uv": [12, 5, 14, 11], "texture": "#3"},
				"down": {"uv": [0, 0, 0.5, 1.5], "texture": "#missing"}
			}
		}
	],
	"display": {
		"thirdperson_righthand": {
			"rotation": [75, 45, 0],
			"translation": [0, 2.5, 1.5],
			"scale": [0.375, 0.375, 0.375]
		},
		"thirdperson_lefthand": {
			"rotation": [75, 45, 0],
			"translation": [0, 2.5, 1.5],
			"scale": [0.375, 0.375, 0.375]
		},
		"firstperson_righthand": {
			"rotation": [0, 45, 0],
			"translation": [2, 1.25, 0],
			"scale": [0.4, 0.4, 0.4]
		},
		"firstperson_lefthand": {
			"rotation": [0, 45, 0],
			"translation": [2, 1.25, 0],
			"scale": [0.4, 0.4, 0.4]
		},
		"ground": {
			"translation": [0, 3, 0],
			"scale": [0.25, 0.25, 0.25]
		},
		"gui": {
			"rotation": [30, 225, 0],
			"translation": [0, 0.25, 0],
			"scale": [0.625, 0.625, 0.625]
		},
		"head": {
			"translation": [0, 5.25, 0],
			"scale": [0.9, 0.9, 0.9]
		},
		"fixed": {
			"rotation": [-90, 0, 0],
			"translation": [0, 0, -15],
			"scale": [2, 2, 2]
		}
	}
}