{
	"credit": "Made with Blockbench",
	"texture_size": [64, 64],
	"textures": {
		"0": "entity/skeleton/possessed_hurt",
		"1": "block/small_soul_fire",
		"particle": "block/small_soul_fire"
	},
	"elements": [
		{
			"name": "head",
			"from": [4, 16, 4],
			"to": [12, 24, 12],
			"rotation": {"angle": 0, "axis": "y", "origin": [5, 0, 7]},
			"faces": {
				"north": {"uv": [2, 2, 4, 4], "texture": "#0"},
				"east": {"uv": [0, 2, 2, 4], "texture": "#0"},
				"south": {"uv": [6, 2, 8, 4], "texture": "#0"},
				"west": {"uv": [4, 2, 6, 4], "texture": "#0"},
				"up": {"uv": [4, 2, 2, 0], "texture": "#0"},
				"down": {"uv": [6, 0, 4, 2], "texture": "#0"}
			}
		},
		{
			"name": "head",
			"from": [8, 23, 4],
			"to": [8, 32, 12],
			"rotation": {"angle": -45, "axis": "y", "origin": [8, 27.5, 8]},
			"faces": {
				"north": {"uv": [0, 0, 16, 16], "texture": "#1"},
				"east": {"uv": [0, 0, 16, 16], "texture": "#1"},
				"south": {"uv": [0, 0, 16, 16], "texture": "#1"},
				"west": {"uv": [0, 0, 16, 16], "texture": "#1"},
				"up": {"uv": [0, 0, 16, 16], "texture": "#1"},
				"down": {"uv": [0, 0, 16, 16], "texture": "#1"}
			}
		},
		{
			"name": "head",
			"from": [8, 23, 4],
			"to": [8, 32, 12],
			"rotation": {"angle": 45, "axis": "y", "origin": [8, 27.5, 8]},
			"faces": {
				"north": {"uv": [0, 0, 16, 16], "texture": "#1"},
				"east": {"uv": [0, 0, 16, 16], "texture": "#1"},
				"south": {"uv": [0, 0, 16, 16], "texture": "#1"},
				"west": {"uv": [0, 0, 16, 16], "texture": "#1"},
				"up": {"uv": [0, 0, 16, 16], "rotation": 180, "texture": "#1"},
				"down": {"uv": [0, 0, 16, 16], "rotation": 180, "texture": "#1"}
			}
		},
		{
			"name": "head",
			"from": [4, 16, 4],
			"to": [12, 24, 12],
			"rotation": {"angle": 0, "axis": "y", "origin": [5, 0, 7]},
			"faces": {
				"north": {"uv": [2, 2, 4, 4], "texture": "#0"},
				"east": {"uv": [0, 2, 2, 4], "texture": "#0"},
				"south": {"uv": [6, 2, 8, 4], "texture": "#0"},
				"west": {"uv": [4, 2, 6, 4], "texture": "#0"},
				"up": {"uv": [4, 2, 2, 0], "texture": "#0"},
				"down": {"uv": [6, 0, 4, 2], "texture": "#0"}
			}
		},
		{
			"name": "body",
			"from": [4, 4, 6],
			"to": [12, 16, 10],
			"rotation": {"angle": 0, "axis": "y", "origin": [5, 0, 7]},
			"faces": {
				"north": {"uv": [5, 5, 7, 8], "texture": "#0"},
				"east": {"uv": [4, 5, 5, 8], "texture": "#0"},
				"south": {"uv": [8, 5, 10, 8], "texture": "#0"},
				"west": {"uv": [7, 5, 8, 8], "texture": "#0"},
				"up": {"uv": [7, 5, 5, 4], "texture": "#0"},
				"down": {"uv": [9, 4, 7, 5], "texture": "#0"}
			}
		},
		{
			"name": "left_arm",
			"from": [2, 4, 7],
			"to": [4, 16, 9],
			"shade": false,
			"rotation": {"angle": 0, "axis": "y", "origin": [5, 0, 7]},
			"faces": {
				"north": {"uv": [11, 4.5, 10.5, 7.5], "texture": "#0"},
				"east": {"uv": [11.5, 4.5, 11, 7.5], "texture": "#0"},
				"south": {"uv": [12, 4.5, 11.5, 7.5], "texture": "#0"},
				"west": {"uv": [10.5, 4.5, 10, 7.5], "texture": "#0"},
				"up": {"uv": [10.5, 4.5, 11, 4], "texture": "#0"},
				"down": {"uv": [11, 4, 11.5, 4.5], "texture": "#0"}
			}
		},
		{
			"name": "right_arm",
			"from": [12, 4, 7],
			"to": [14, 16, 9],
			"rotation": {"angle": 0, "axis": "y", "origin": [5, 0, 7]},
			"faces": {
				"north": {"uv": [10.5, 4.5, 11, 7.5], "texture": "#0"},
				"east": {"uv": [10, 4.5, 10.5, 7.5], "texture": "#0"},
				"south": {"uv": [11.5, 4.5, 12, 7.5], "texture": "#0"},
				"west": {"uv": [11, 4.5, 11.5, 7.5], "texture": "#0"},
				"up": {"uv": [11, 4.5, 10.5, 4], "texture": "#0"},
				"down": {"uv": [11.5, 4, 11, 4.5], "texture": "#0"}
			}
		},
		{
			"name": "left_leg",
			"from": [5, -8, 7],
			"to": [7, 4, 9],
			"shade": false,
			"rotation": {"angle": 0, "axis": "y", "origin": [5, 0, 7]},
			"faces": {
				"north": {"uv": [1, 4.5, 0.5, 7.5], "texture": "#0"},
				"east": {"uv": [1.5, 4.5, 1, 7.5], "texture": "#0"},
				"south": {"uv": [2, 4.5, 1.5, 7.5], "texture": "#0"},
				"west": {"uv": [0.5, 4.5, 0, 7.5], "texture": "#0"},
				"up": {"uv": [0.5, 4.5, 1, 4], "texture": "#0"},
				"down": {"uv": [1, 4, 1.5, 4.5], "texture": "#0"}
			}
		},
		{
			"name": "right_leg",
			"from": [9, -8, 7],
			"to": [11, 4, 9],
			"rotation": {"angle": 0, "axis": "y", "origin": [5, 0, 7]},
			"faces": {
				"north": {"uv": [0.5, 4.5, 1, 7.5], "texture": "#0"},
				"east": {"uv": [0, 4.5, 0.5, 7.5], "texture": "#0"},
				"south": {"uv": [1.5, 4.5, 2, 7.5], "texture": "#0"},
				"west": {"uv": [1, 4.5, 1.5, 7.5], "texture": "#0"},
				"up": {"uv": [1, 4.5, 0.5, 4], "texture": "#0"},
				"down": {"uv": [1.5, 4, 1, 4.5], "texture": "#0"}
			}
		},
		{
			"name": "body_outline",
			"from": [12, 16, 10],
			"to": [4, 4, 6],
			"rotation": {"angle": 0, "axis": "y", "origin": [5, 0, 7]},
			"faces": {
				"north": {"uv": [8, 5, 10, 8], "rotation": 180, "texture": "#0"},
				"east": {"uv": [7, 5, 8, 8], "rotation": 180, "texture": "#0"},
				"south": {"uv": [5, 5, 7, 8], "rotation": 180, "texture": "#0"},
				"west": {"uv": [4, 5, 5, 8], "rotation": 180, "texture": "#0"},
				"up": {"uv": [9, 4, 7, 5], "rotation": 180, "texture": "#0"},
				"down": {"uv": [7, 5, 5, 4], "rotation": 180, "texture": "#0"}
			}
		},
		{
			"name": "head_outline",
			"from": [12, 24, 12],
			"to": [4, 16, 4],
			"rotation": {"angle": 0, "axis": "y", "origin": [5, 0, 7]},
			"faces": {
				"north": {"uv": [6, 2, 8, 4], "rotation": 180, "texture": "#0"},
				"east": {"uv": [4, 2, 6, 4], "rotation": 180, "texture": "#0"},
				"south": {"uv": [2, 2, 4, 4], "rotation": 180, "texture": "#0"},
				"west": {"uv": [0, 2, 2, 4], "rotation": 180, "texture": "#0"},
				"up": {"uv": [6, 0, 4, 2], "rotation": 180, "texture": "#0"},
				"down": {"uv": [4, 2, 2, 0], "rotation": 180, "texture": "#0"}
			}
		},
		{
			"from": [6.25, 8.75, 6.5],
			"to": [9.25, 11.75, 9.5],
			"faces": {
				"north": {"uv": [15.25, 0, 16, 0.75], "texture": "#0"},
				"east": {"uv": [15.25, 0, 14.5, 0.75], "texture": "#0"},
				"south": {"uv": [13.75, 0, 14.5, 0.75], "texture": "#0"},
				"west": {"uv": [14.5, 0, 15.25, 0.75], "texture": "#0"},
				"up": {"uv": [13.75, 0.75, 14.5, 0], "texture": "#0"},
				"down": {"uv": [13.75, 0.75, 14.5, 0], "texture": "#0"}
			}
		}
	],
	"display": {
		"head": {
			"translation": [0, -56, 0],
			"scale": [1.6, 1.6, 1.6]
		}
	},
	"groups": [
		{
			"name": "bone",
			"origin": [5, 0, 7],
			"color": 0,
			"children": [
				{
					"name": "head",
					"origin": [5, 24, 7],
					"color": 0,
					"children": [0, 1, 2, 3]
				},
				{
					"name": "body",
					"origin": [5, 24, 7],
					"color": 0,
					"children": [4]
				},
				{
					"name": "left_arm",
					"origin": [10, 22, 7],
					"color": 0,
					"shade": false,
					"children": [5]
				},
				{
					"name": "right_arm",
					"origin": [0, 22, 7],
					"color": 0,
					"children": [6]
				},
				{
					"name": "left_leg",
					"origin": [7, 12, 7.1],
					"color": 0,
					"shade": false,
					"children": [7]
				},
				{
					"name": "right_leg",
					"origin": [3, 12, 7.1],
					"color": 0,
					"children": [8]
				}
			]
		},
		9,
		10,
		11
	]
}