{
	"credit": "Made with Blockbench",
	"texture_size": [64, 64],
	"textures": {
		"0": "entity/skeleton/possessed",
		"1": "block/small_soul_fire",
		"2": "entity/skeleton/possessed_hand_walk",
		"3": "entity/skeleton/possessed_leg_walk",
		"particle": "block/small_soul_fire"
	},
	"elements": [
		{
			"name": "head",
			"from": [4, 16, 4],
			"to": [12, 24, 12],
			"rotation": {"angle": 0, "axis": "y", "origin": [5, 0, 7]},
			"faces": {
				"north": {"uv": [2, 2, 4, 4], "texture": "#0"},
				"east": {"uv": [0, 2, 2, 4], "texture": "#0"},
				"south": {"uv": [6, 2, 8, 4], "texture": "#0"},
				"west": {"uv": [4, 2, 6, 4], "texture": "#0"},
				"up": {"uv": [4, 2, 2, 0], "texture": "#0"},
				"down": {"uv": [6, 0, 4, 2], "texture": "#0"}
			}
		},
		{
			"name": "head",
			"from": [8, 23, 4],
			"to": [8, 32, 12],
			"rotation": {"angle": -45, "axis": "y", "origin": [8, 27.5, 8]},
			"faces": {
				"north": {"uv": [0, 0, 16, 16], "texture": "#1"},
				"east": {"uv": [0, 0, 16, 16], "texture": "#1"},
				"south": {"uv": [0, 0, 16, 16], "texture": "#1"},
				"west": {"uv": [0, 0, 16, 16], "texture": "#1"},
				"up": {"uv": [0, 0, 16, 16], "texture": "#1"},
				"down": {"uv": [0, 0, 16, 16], "texture": "#1"}
			}
		},
		{
			"name": "head",
			"from": [8, 23, 4],
			"to": [8, 32, 12],
			"rotation": {"angle": 45, "axis": "y", "origin": [8, 27.5, 8]},
			"faces": {
				"north": {"uv": [0, 0, 16, 16], "texture": "#1"},
				"east": {"uv": [0, 0, 16, 16], "texture": "#1"},
				"south": {"uv": [0, 0, 16, 16], "texture": "#1"},
				"west": {"uv": [0, 0, 16, 16], "texture": "#1"},
				"up": {"uv": [0, 0, 16, 16], "rotation": 180, "texture": "#1"},
				"down": {"uv": [0, 0, 16, 16], "rotation": 180, "texture": "#1"}
			}
		},
		{
			"name": "head",
			"from": [4, 16, 4],
			"to": [12, 24, 12],
			"rotation": {"angle": 0, "axis": "y", "origin": [5, 0, 7]},
			"faces": {
				"north": {"uv": [2, 2, 4, 4], "texture": "#0"},
				"east": {"uv": [0, 2, 2, 4], "texture": "#0"},
				"south": {"uv": [6, 2, 8, 4], "texture": "#0"},
				"west": {"uv": [4, 2, 6, 4], "texture": "#0"},
				"up": {"uv": [4, 2, 2, 0], "texture": "#0"},
				"down": {"uv": [6, 0, 4, 2], "texture": "#0"}
			}
		},
		{
			"name": "body",
			"from": [4, 4, 6],
			"to": [12, 16, 10],
			"rotation": {"angle": 0, "axis": "y", "origin": [5, 0, 7]},
			"faces": {
				"north": {"uv": [5, 5, 7, 8], "texture": "#0"},
				"east": {"uv": [4, 5, 5, 8], "texture": "#0"},
				"south": {"uv": [8, 5, 10, 8], "texture": "#0"},
				"west": {"uv": [7, 5, 8, 8], "texture": "#0"},
				"up": {"uv": [7, 5, 5, 4], "texture": "#0"},
				"down": {"uv": [9, 4, 7, 5], "texture": "#0"}
			}
		},
		{
			"name": "body_outline",
			"from": [12, 16, 10],
			"to": [4, 4, 6],
			"rotation": {"angle": 0, "axis": "y", "origin": [5, 0, 7]},
			"faces": {
				"north": {"uv": [8, 5, 10, 8], "rotation": 180, "texture": "#0"},
				"east": {"uv": [7, 5, 8, 8], "rotation": 180, "texture": "#0"},
				"south": {"uv": [5, 5, 7, 8], "rotation": 180, "texture": "#0"},
				"west": {"uv": [4, 5, 5, 8], "rotation": 180, "texture": "#0"},
				"up": {"uv": [9, 4, 7, 5], "rotation": 180, "texture": "#0"},
				"down": {"uv": [7, 5, 5, 4], "rotation": 180, "texture": "#0"}
			}
		},
		{
			"name": "head_outline",
			"from": [12, 24, 12],
			"to": [4, 16, 4],
			"rotation": {"angle": 0, "axis": "y", "origin": [5, 0, 7]},
			"faces": {
				"north": {"uv": [6, 2, 8, 4], "rotation": 180, "texture": "#0"},
				"east": {"uv": [4, 2, 6, 4], "rotation": 180, "texture": "#0"},
				"south": {"uv": [2, 2, 4, 4], "rotation": 180, "texture": "#0"},
				"west": {"uv": [0, 2, 2, 4], "rotation": 180, "texture": "#0"},
				"up": {"uv": [6, 0, 4, 2], "rotation": 180, "texture": "#0"},
				"down": {"uv": [4, 2, 2, 0], "rotation": 180, "texture": "#0"}
			}
		},
		{
			"from": [6.25, 8.75, 6.5],
			"to": [9.25, 11.75, 9.5],
			"faces": {
				"north": {"uv": [15.25, 0, 16, 0.75], "texture": "#0"},
				"east": {"uv": [15.25, 0, 14.5, 0.75], "texture": "#0"},
				"south": {"uv": [13.75, 0, 14.5, 0.75], "texture": "#0"},
				"west": {"uv": [14.5, 0, 15.25, 0.75], "texture": "#0"},
				"up": {"uv": [13.75, 0.75, 14.5, 0], "texture": "#0"},
				"down": {"uv": [13.75, 0.75, 14.5, 0], "texture": "#0"}
			}
		},
		{
			"name": "left_arm",
			"from": [2, 4, 7],
			"to": [4, 16, 9],
			"shade": false,
			"rotation": {"angle": 0, "axis": "y", "origin": [5, 0, 7]},
			"faces": {
				"north": {"uv": [11, 8, 10, 14], "texture": "#2"},
				"east": {"uv": [12, 8, 11, 14], "texture": "#2"},
				"south": {"uv": [13, 8, 12, 14], "texture": "#2"},
				"west": {"uv": [10, 8, 9, 14], "texture": "#2"},
				"up": {"uv": [10, 8, 11, 7], "texture": "#2"},
				"down": {"uv": [11, 7, 12, 8], "texture": "#2"}
			}
		},
		{
			"name": "left_arm",
			"from": [2, 4, 7],
			"to": [4, 16, 9],
			"shade": false,
			"rotation": {"angle": 22.5, "axis": "x", "origin": [3, 15, 8]},
			"faces": {
				"north": {"uv": [11, 1, 10, 7], "texture": "#2"},
				"east": {"uv": [12, 1, 11, 7], "texture": "#2"},
				"south": {"uv": [13, 1, 12, 7], "texture": "#2"},
				"west": {"uv": [10, 1, 9, 7], "texture": "#2"},
				"up": {"uv": [10, 1, 11, 0], "texture": "#2"},
				"down": {"uv": [11, 0, 12, 1], "texture": "#2"}
			}
		},
		{
			"name": "left_arm",
			"from": [2, 4, 7],
			"to": [4, 16, 9],
			"shade": false,
			"rotation": {"angle": -22.5, "axis": "x", "origin": [3, 15, 8]},
			"faces": {
				"north": {"uv": [6.5, 8, 5.5, 14], "texture": "#2"},
				"east": {"uv": [7.5, 8, 6.5, 14], "texture": "#2"},
				"south": {"uv": [8.5, 8, 7.5, 14], "texture": "#2"},
				"west": {"uv": [5.5, 8, 4.5, 14], "texture": "#2"},
				"up": {"uv": [5.5, 8, 6.5, 7], "texture": "#2"},
				"down": {"uv": [6.5, 7, 7.5, 8], "texture": "#2"}
			}
		},
		{
			"name": "right_arm",
			"from": [12, 4, 7],
			"to": [14, 16, 9],
			"rotation": {"angle": 0, "axis": "y", "origin": [13, 15, 8]},
			"faces": {
				"north": {"uv": [1, 1, 2, 7], "texture": "#2"},
				"east": {"uv": [0, 1, 1, 7], "texture": "#2"},
				"south": {"uv": [3, 1, 4, 7], "texture": "#2"},
				"west": {"uv": [2, 1, 3, 7], "texture": "#2"},
				"up": {"uv": [2, 1, 1, 0], "texture": "#2"},
				"down": {"uv": [3, 0, 2, 1], "texture": "#2"}
			}
		},
		{
			"name": "right_arm",
			"from": [12, 4, 7],
			"to": [14, 16, 9],
			"rotation": {"angle": 22.5, "axis": "x", "origin": [13, 15, 8]},
			"faces": {
				"north": {"uv": [5.5, 1, 6.5, 7], "texture": "#2"},
				"east": {"uv": [4.5, 1, 5.5, 7], "texture": "#2"},
				"south": {"uv": [7.5, 1, 8.5, 7], "texture": "#2"},
				"west": {"uv": [6.5, 1, 7.5, 7], "texture": "#2"},
				"up": {"uv": [6.5, 1, 5.5, 0], "texture": "#2"},
				"down": {"uv": [7.5, 0, 6.5, 1], "texture": "#2"}
			}
		},
		{
			"name": "right_arm",
			"from": [12, 4, 7],
			"to": [14, 16, 9],
			"rotation": {"angle": -22.5, "axis": "x", "origin": [13, 15, 8]},
			"faces": {
				"north": {"uv": [1, 8, 2, 14], "texture": "#2"},
				"east": {"uv": [0, 8, 1, 14], "texture": "#2"},
				"south": {"uv": [3, 8, 4, 14], "texture": "#2"},
				"west": {"uv": [2, 8, 3, 14], "texture": "#2"},
				"up": {"uv": [2, 8, 1, 7], "texture": "#2"},
				"down": {"uv": [3, 7, 2, 8], "texture": "#2"}
			}
		},
		{
			"name": "left_leg",
			"from": [5, -8, 7],
			"to": [7, 4, 9],
			"shade": false,
			"rotation": {"angle": 0, "axis": "y", "origin": [6, 3, 8]},
			"faces": {
				"north": {"uv": [2, 1, 1, 7], "texture": "#3"},
				"east": {"uv": [3, 1, 2, 7], "texture": "#3"},
				"south": {"uv": [4, 1, 3, 7], "texture": "#3"},
				"west": {"uv": [1, 1, 0, 7], "texture": "#3"},
				"up": {"uv": [1, 1, 2, 0], "texture": "#3"},
				"down": {"uv": [2, 0, 3, 1], "texture": "#3"}
			}
		},
		{
			"name": "left_leg",
			"from": [5, -8, 7],
			"to": [7, 4, 9],
			"shade": false,
			"rotation": {"angle": 22.5, "axis": "x", "origin": [6, 3, 8]},
			"faces": {
				"north": {"uv": [6.5, 1, 5.5, 7], "texture": "#3"},
				"east": {"uv": [7.5, 1, 6.5, 7], "texture": "#3"},
				"south": {"uv": [8.5, 1, 7.5, 7], "texture": "#3"},
				"west": {"uv": [5.5, 1, 4.5, 7], "texture": "#3"},
				"up": {"uv": [5.5, 1, 6.5, 0], "texture": "#3"},
				"down": {"uv": [6.5, 0, 7.5, 1], "texture": "#3"}
			}
		},
		{
			"name": "left_leg",
			"from": [5, -8, 7],
			"to": [7, 4, 9],
			"shade": false,
			"rotation": {"angle": -22.5, "axis": "x", "origin": [6, 3, 8]},
			"faces": {
				"north": {"uv": [2, 8.5, 1, 14.5], "texture": "#3"},
				"east": {"uv": [3, 8.5, 2, 14.5], "texture": "#3"},
				"south": {"uv": [4, 8.5, 3, 14.5], "texture": "#3"},
				"west": {"uv": [1, 8.5, 0, 14.5], "texture": "#3"},
				"up": {"uv": [1, 8.5, 2, 7.5], "texture": "#3"},
				"down": {"uv": [2, 7.5, 3, 8.5], "texture": "#3"}
			}
		},
		{
			"name": "right_leg",
			"from": [9, -8, 7],
			"to": [11, 4, 9],
			"rotation": {"angle": 0, "axis": "y", "origin": [10, 3, 8]},
			"faces": {
				"north": {"uv": [1, 1, 2, 7], "texture": "#3"},
				"east": {"uv": [0, 1, 1, 7], "texture": "#3"},
				"south": {"uv": [3, 1, 4, 7], "texture": "#3"},
				"west": {"uv": [2, 1, 3, 7], "texture": "#3"},
				"up": {"uv": [2, 1, 1, 0], "texture": "#3"},
				"down": {"uv": [3, 0, 2, 1], "texture": "#3"}
			}
		},
		{
			"name": "right_leg",
			"from": [9, -8, 7],
			"to": [11, 4, 9],
			"rotation": {"angle": 22.5, "axis": "x", "origin": [10, 3, 8]},
			"faces": {
				"north": {"uv": [1, 8.5, 2, 14.5], "texture": "#3"},
				"east": {"uv": [0, 8.5, 1, 14.5], "texture": "#3"},
				"south": {"uv": [3, 8.5, 4, 14.5], "texture": "#3"},
				"west": {"uv": [2, 8.5, 3, 14.5], "texture": "#3"},
				"up": {"uv": [2, 8.5, 1, 7.5], "texture": "#3"},
				"down": {"uv": [3, 7.5, 2, 8.5], "texture": "#3"}
			}
		},
		{
			"name": "right_leg",
			"from": [9, -8, 7],
			"to": [11, 4, 9],
			"rotation": {"angle": -22.5, "axis": "x", "origin": [10, 3, 8]},
			"faces": {
				"north": {"uv": [5.5, 1, 6.5, 7], "texture": "#3"},
				"east": {"uv": [4.5, 1, 5.5, 7], "texture": "#3"},
				"south": {"uv": [7.5, 1, 8.5, 7], "texture": "#3"},
				"west": {"uv": [6.5, 1, 7.5, 7], "texture": "#3"},
				"up": {"uv": [6.5, 1, 5.5, 0], "texture": "#3"},
				"down": {"uv": [7.5, 0, 6.5, 1], "texture": "#3"}
			}
		}
	],
	"display": {
		"head": {
			"translation": [0, -56, 0],
			"scale": [1.6, 1.6, 1.6]
		}
	},
	"groups": [
		{
			"name": "bone",
			"origin": [5, 0, 7],
			"color": 0,
			"children": [
				{
					"name": "head",
					"origin": [5, 24, 7],
					"color": 0,
					"children": [0, 1, 2, 3]
				},
				{
					"name": "body",
					"origin": [5, 24, 7],
					"color": 0,
					"children": [4]
				}
			]
		},
		5,
		6,
		7,
		{
			"name": "bone",
			"origin": [5, 0, 7],
			"color": 0,
			"children": [
				{
					"name": "left_arm",
					"origin": [10, 22, 7],
					"color": 0,
					"shade": false,
					"children": [8, 9, 10]
				},
				{
					"name": "right_arm",
					"origin": [0, 22, 7],
					"color": 0,
					"children": [11, 12, 13]
				},
				{
					"name": "left_leg",
					"origin": [7, 12, 7.1],
					"color": 0,
					"shade": false,
					"children": [14, 15, 16]
				},
				{
					"name": "right_leg",
					"origin": [3, 12, 7.1],
					"color": 0,
					"children": [17, 18, 19]
				}
			]
		}
	]
}