{
	"credit": "Made with Blockbench",
	"textures": {
		"fire": "block/gloom_fire"
	},
	"elements": [
		{
			"from": [0, 0, 8.8],
			"to": [16, 22.4, 8.8],
			"shade": false,
			"rotation": {"angle": -22.5, "axis": "x", "origin": [8, 8, 8], "rescale": true},
			"faces": {
				"south": {"uv": [0, 0, 16, 16], "texture": "#fire"}
			}
		},
		{
			"from": [0, 0, 7.2],
			"to": [16, 22.4, 7.2],
			"shade": false,
			"rotation": {"angle": 22.5, "axis": "x", "origin": [8, 8, 8], "rescale": true},
			"faces": {
				"north": {"uv": [0, 0, 16, 16], "texture": "#fire"}
			}
		},
		{
			"from": [8.8, 0, 0],
			"to": [8.8, 22.4, 16],
			"shade": false,
			"rotation": {"angle": -22.5, "axis": "z", "origin": [8, 8, 8], "rescale": true},
			"faces": {
				"west": {"uv": [0, 0, 16, 16], "texture": "#fire"}
			}
		},
		{
			"from": [7.2, 0, 0],
			"to": [7.2, 22.4, 16],
			"shade": false,
			"rotation": {"angle": 22.5, "axis": "z", "origin": [8, 8, 8], "rescale": true},
			"faces": {
				"east": {"uv": [0, 0, 16, 16], "texture": "#fire"}
			}
		},
		{
			"from": [0, 0, 0.01],
			"to": [16, 22.4, 0.01],
			"shade": false,
			"faces": {
				"north": {"uv": [0, 0, 16, 16], "texture": "#fire"},
				"east": {"uv": [0, 0, 0, 0], "texture": "#fire"},
				"south": {"uv": [0, 0, 16, 16], "texture": "#fire"},
				"west": {"uv": [0, 0, 0, 0], "texture": "#fire"},
				"up": {"uv": [0, 0, 0, 0], "texture": "#fire"},
				"down": {"uv": [0, 0, 0, 0], "texture": "#fire"}
			}
		},
		{
			"from": [0, 0, 16.01],
			"to": [16, 22.4, 16.01],
			"shade": false,
			"faces": {
				"north": {"uv": [0, 0, 16, 16], "texture": "#fire"},
				"east": {"uv": [0, 0, 0, 0], "texture": "#fire"},
				"south": {"uv": [0, 0, 16, 16], "texture": "#fire"},
				"west": {"uv": [0, 0, 0, 0], "texture": "#fire"},
				"up": {"uv": [0, 0, 0, 0], "texture": "#fire"},
				"down": {"uv": [0, 0, 0, 0], "texture": "#fire"}
			}
		},
		{
			"from": [0, 0, 0.01],
			"to": [0, 22.4, 16.01],
			"shade": false,
			"rotation": {"angle": 0, "axis": "y", "origin": [8, 11.2, 16.01]},
			"faces": {
				"north": {"uv": [0, 0, 0, 0], "texture": "#fire"},
				"east": {"uv": [0, 0, 16, 16], "texture": "#fire"},
				"south": {"uv": [0, 0, 0, 0], "texture": "#fire"},
				"west": {"uv": [0, 0, 16, 16], "texture": "#fire"},
				"up": {"uv": [0, 0, 0, 0], "rotation": 90, "texture": "#fire"},
				"down": {"uv": [0, 0, 0, 0], "rotation": 270, "texture": "#fire"}
			}
		},
		{
			"from": [16, 0, 0.01],
			"to": [16, 22.4, 16.01],
			"shade": false,
			"rotation": {"angle": 0, "axis": "y", "origin": [8, 11.2, 16.01]},
			"faces": {
				"north": {"uv": [0, 0, 0, 0], "texture": "#fire"},
				"east": {"uv": [0, 0, 16, 16], "texture": "#fire"},
				"south": {"uv": [0, 0, 0, 0], "texture": "#fire"},
				"west": {"uv": [0, 0, 16, 16], "texture": "#fire"},
				"up": {"uv": [0, 0, 0, 0], "rotation": 90, "texture": "#fire"},
				"down": {"uv": [0, 0, 0, 0], "rotation": 270, "texture": "#fire"}
			}
		}
	],
	"display": {
		"thirdperson_righthand": {
			"rotation": [75, 45, 0],
			"translation": [0, 2.5, 0],
			"scale": [0.375, 0.375, 0.375]
		},
		"thirdperson_lefthand": {
			"rotation": [75, 45, 0],
			"translation": [0, 2.5, 0],
			"scale": [0.375, 0.375, 0.375]
		},
		"firstperson_righthand": {
			"rotation": [0, 45, 0],
			"scale": [0.4, 0.4, 0.4]
		},
		"firstperson_lefthand": {
			"rotation": [0, 225, 0],
			"scale": [0.4, 0.4, 0.4]
		},
		"ground": {
			"translation": [0, 3, 0],
			"scale": [0.25, 0.25, 0.25]
		},
		"gui": {
			"rotation": [30, 225, 0],
			"translation": [0, -0.5, 0],
			"scale": [0.59, 0.59, 0.59]
		},
		"head": {
			"translation": [0, 12.25, 0],
			"scale": [0.89, 0.89, 0.89]
		},
		"fixed": {
			"rotation": [-90, 0, 0],
			"translation": [0, 0, -14.5],
			"scale": [2, 2, 2]
		}
	}
}