{
	"credit": "Made with Blockbench",
	"ambientocclusion": false,
	"texture_size": [256, 256],
	"textures": {
		"0": "block/dragon_skull"
	},
	"elements": [
		{
			"name": "head",
			"from": [2.002, 0.002, -10.998],
			"to": [13.998, 4.998, 2.998],
			"rotation": {"angle": 0, "axis": "y", "origin": [0, -4, 6]},
			"faces": {
				"north": {"uv": [12, 3.75, 12.75, 4.0625], "texture": "#0"},
				"east": {"uv": [11, 3.75, 12, 4.0625], "texture": "#0"},
				"west": {"uv": [12.75, 3.75, 13.75, 4.0625], "texture": "#0"},
				"up": {"uv": [12.75, 3.75, 12, 2.75], "texture": "#0"},
				"down": {"uv": [13.5, 2.75, 12.75, 3.75], "texture": "#0"}
			}
		},
		{
			"name": "head",
			"from": [2, 0, -11],
			"to": [14, 5, -11],
			"rotation": {"angle": 0, "axis": "y", "origin": [0, -4, 6]},
			"faces": {
				"north": {"uv": [12, 3.75, 12.75, 4.0625], "texture": "#0"},
				"east": {"uv": [11, 3.75, 12, 4.0625], "texture": "#0"},
				"south": {"uv": [12, 3.75, 12.75, 4.0625], "texture": "#0"},
				"west": {"uv": [12.75, 3.75, 13.75, 4.0625], "texture": "#0"},
				"up": {"uv": [12.75, 3.75, 12, 2.75], "texture": "#0"},
				"down": {"uv": [13.5, 2.75, 12.75, 3.75], "texture": "#0"}
			}
		},
		{
			"name": "head",
			"from": [14, 0, -11],
			"to": [14, 5, 3],
			"rotation": {"angle": 0, "axis": "y", "origin": [0, -4, 6]},
			"faces": {
				"north": {"uv": [12, 3.75, 12.75, 4.0625], "texture": "#0"},
				"east": {"uv": [13.75, 3.75, 12.75, 4.0625], "texture": "#0"},
				"south": {"uv": [13.75, 3.75, 14.5, 4.0625], "texture": "#0"},
				"west": {"uv": [12.75, 3.75, 13.75, 4.0625], "texture": "#0"},
				"up": {"uv": [12.75, 3.75, 12, 2.75], "texture": "#0"},
				"down": {"uv": [13.5, 2.75, 12.75, 3.75], "texture": "#0"}
			}
		},
		{
			"name": "head",
			"from": [2, 5, -11],
			"to": [14, 5, 3],
			"rotation": {"angle": 0, "axis": "y", "origin": [0, -4, 6]},
			"faces": {
				"north": {"uv": [12, 3.75, 12.75, 4.0625], "texture": "#0"},
				"east": {"uv": [11, 3.75, 12, 4.0625], "texture": "#0"},
				"south": {"uv": [13.75, 3.75, 14.5, 4.0625], "texture": "#0"},
				"west": {"uv": [12.75, 3.75, 13.75, 4.0625], "texture": "#0"},
				"down": {"uv": [12.75, 3.75, 12, 2.75], "texture": "#0"}
			}
		},
		{
			"name": "head",
			"from": [2, 0, -11],
			"to": [2, 5, 3],
			"rotation": {"angle": 0, "axis": "y", "origin": [0, -4, 6]},
			"faces": {
				"north": {"uv": [12, 3.75, 12.75, 4.0625], "texture": "#0"},
				"east": {"uv": [13.75, 3.75, 12.75, 4.0625], "texture": "#0"},
				"south": {"uv": [13.75, 3.75, 14.5, 4.0625], "texture": "#0"},
				"west": {"uv": [12.75, 3.75, 13.75, 4.0625], "texture": "#0"},
				"down": {"uv": [11.8125, 0, 11.0625, 1], "texture": "#0"}
			}
		},
		{
			"name": "head",
			"from": [0, 0, 3],
			"to": [16, 12, 19],
			"rotation": {"angle": 0, "axis": "y", "origin": [0, -4, 6]},
			"faces": {
				"north": {"uv": [8, 2.875, 9, 3.625], "texture": "#0"},
				"east": {"uv": [10, 2.875, 9, 3.625], "texture": "#0"},
				"south": {"uv": [10, 2.875, 11, 3.625], "texture": "#0"},
				"west": {"uv": [9, 2.875, 10, 3.625], "texture": "#0"},
				"up": {"uv": [9, 2.875, 8, 1.875], "texture": "#0"},
				"down": {"uv": [10, 1.875, 9, 2.875], "texture": "#0"}
			}
		},
		{
			"name": "head",
			"from": [3, 12, 9],
			"to": [5, 16, 15],
			"rotation": {"angle": 0, "axis": "y", "origin": [0, -4, 6]},
			"faces": {
				"north": {"uv": [0.375, 0.375, 0.5, 0.625], "texture": "#0"},
				"east": {"uv": [0, 0.375, 0.375, 0.625], "texture": "#0"},
				"south": {"uv": [0.875, 0.375, 1, 0.625], "texture": "#0"},
				"west": {"uv": [0.5, 0.375, 0.875, 0.625], "texture": "#0"},
				"up": {"uv": [0.5, 0.375, 0.375, 0], "texture": "#0"},
				"down": {"uv": [0.625, 0, 0.5, 0.375], "texture": "#0"}
			}
		},
		{
			"name": "head",
			"from": [3.002, 5.002, -8.998],
			"to": [4.998, 6.998, -5.002],
			"rotation": {"angle": 0, "axis": "y", "origin": [0, -4, 6]},
			"faces": {
				"north": {"uv": [7.25, 0.25, 7.375, 0.375], "texture": "#0"},
				"east": {"uv": [7, 0.25, 7.25, 0.375], "texture": "#0"},
				"south": {"uv": [7.625, 0.25, 7.75, 0.375], "texture": "#0"},
				"west": {"uv": [7.375, 0.25, 7.625, 0.375], "texture": "#0"},
				"up": {"uv": [7.375, 0.25, 7.25, 0], "texture": "#0"},
				"down": {"uv": [7.5, 0, 7.375, 0.25], "texture": "#0"}
			}
		},
		{
			"name": "mirrored",
			"from": [11.002, 5.002, -8.998],
			"to": [12.998, 6.998, -5.002],
			"shade": false,
			"rotation": {"angle": 0, "axis": "y", "origin": [0, -4, 6]},
			"faces": {
				"north": {"uv": [7.375, 0.25, 7.25, 0.375], "texture": "#0"},
				"east": {"uv": [7.625, 0.25, 7.375, 0.375], "texture": "#0"},
				"south": {"uv": [7.75, 0.25, 7.625, 0.375], "texture": "#0"},
				"west": {"uv": [7.25, 0.25, 7, 0.375], "texture": "#0"},
				"up": {"uv": [7.25, 0.25, 7.375, 0], "texture": "#0"},
				"down": {"uv": [7.375, 0, 7.5, 0.25], "texture": "#0"}
			}
		},
		{
			"name": "mirrored",
			"from": [11, 12, 9],
			"to": [13, 16, 15],
			"shade": false,
			"rotation": {"angle": 0, "axis": "y", "origin": [0, -4, 6]},
			"faces": {
				"north": {"uv": [0.5, 0.375, 0.375, 0.625], "texture": "#0"},
				"east": {"uv": [0.875, 0.375, 0.5, 0.625], "texture": "#0"},
				"south": {"uv": [1, 0.375, 0.875, 0.625], "texture": "#0"},
				"west": {"uv": [0.375, 0.375, 0, 0.625], "texture": "#0"},
				"up": {"uv": [0.375, 0.375, 0.5, 0], "texture": "#0"},
				"down": {"uv": [0.5, 0, 0.625, 0.375], "texture": "#0"}
			}
		}
	],
	"display": {
		"thirdperson_righthand": {
			"rotation": [75, 45, 0],
			"translation": [0, 2.5, 0],
			"scale": [0.375, 0.375, 0.375]
		},
		"thirdperson_lefthand": {
			"rotation": [75, 45, 0],
			"translation": [0, 2.5, 0],
			"scale": [0.375, 0.375, 0.375]
		},
		"firstperson_righthand": {
			"rotation": [-4.75, 24.25, 0],
			"translation": [2.25, 2.25, 1.75],
			"scale": [0.4, 0.4, 0.4]
		},
		"firstperson_lefthand": {
			"rotation": [-4.75, 24.25, 0],
			"translation": [2.25, 2.25, 1.75],
			"scale": [0.4, 0.4, 0.4]
		},
		"ground": {
			"translation": [0, 3, 0],
			"scale": [0.25, 0.25, 0.25]
		},
		"gui": {
			"rotation": [30, 225, 0],
			"translation": [-1, 0.75, 0],
			"scale": [0.5, 0.5, 0.5]
		},
		"head": {
			"translation": [0, 2.75, -3.75],
			"scale": [1.16, 1.16, 1.16]
		},
		"fixed": {
			"rotation": [-90, 0, 0],
			"translation": [0, 0, -13.75],
			"scale": [2, 2, 2]
		}
	},
	"groups": [
		{
			"name": "head",
			"origin": [0, 8, 2],
			"children": [
				{
					"name": "group",
					"origin": [0, -4, 6],
					"children": [0, 1, 2, 3, 4]
				}, 5, 6, 7,
				{
					"name": "mirrored",
					"origin": [0, 2, 26],
					"shade": false,
					"children": [8, 9]
				}
			]
		}
	]
}