{
	"credit": "Made with Blockbench",
	"ambientocclusion": false,
	"texture_size": [128, 64],
	"textures": {
		"0": "entity/hoglin/skoglin",
		"particle": "entity/hoglin/skoglin"
	},
	"elements": [
		{
			"name": "head",
			"from": [1, 0, -1.5],
			"to": [15, 6, 17.5],
			"faces": {
				"north": {"uv": [10, 5, 11.75, 6.5], "texture": "#0"},
				"east": {"uv": [7.625, 5, 10, 6.5], "texture": "#0"},
				"south": {"uv": [14.125, 5, 15.875, 6.5], "texture": "#0"},
				"west": {"uv": [11.75, 5, 14.125, 6.5], "texture": "#0"},
				"up": {"uv": [11.75, 5, 10, 0.25], "texture": "#0"},
				"down": {"uv": [13.5, 0.25, 11.75, 5], "texture": "#0"}
			}
		},
		{
			"name": "head",
			"from": [0, 1, 4.5],
			"to": [2, 12, 6.5],
			"faces": {
				"north": {"uv": [0.375, 3.75, 0.625, 6.5], "texture": "#0"},
				"east": {"uv": [0.125, 3.75, 0.375, 6.5], "texture": "#0"},
				"south": {"uv": [0.875, 3.75, 1.125, 6.5], "texture": "#0"},
				"west": {"uv": [0.625, 3.75, 0.875, 6.5], "texture": "#0"},
				"up": {"uv": [0.625, 3.75, 0.375, 3.25], "texture": "#0"},
				"down": {"uv": [0.875, 3.25, 0.625, 3.75], "texture": "#0"}
			}
		},
		{
			"name": "head",
			"from": [14, 1, 4.5],
			"to": [16, 12, 6.5],
			"faces": {
				"north": {"uv": [1.5, 3.75, 1.75, 6.5], "texture": "#0"},
				"east": {"uv": [1.25, 3.75, 1.5, 6.5], "texture": "#0"},
				"south": {"uv": [2, 3.75, 2.25, 6.5], "texture": "#0"},
				"west": {"uv": [1.75, 3.75, 2, 6.5], "texture": "#0"},
				"up": {"uv": [1.75, 3.75, 1.5, 3.25], "texture": "#0"},
				"down": {"uv": [2, 3.25, 1.75, 3.75], "texture": "#0"}
			}
		}
	],
	"display": {
		"thirdperson_righthand": {
			"rotation": [75, 45, 0],
			"translation": [0, 2.5, 0],
			"scale": [0.375, 0.375, 0.375]
		},
		"thirdperson_lefthand": {
			"rotation": [75, 45, 0],
			"translation": [0, 2.5, 0],
			"scale": [0.375, 0.375, 0.375]
		},
		"firstperson_righthand": {
			"rotation": [-53, 19, 33.75],
			"translation": [0.5, 3, 0],
			"scale": [0.4, 0.4, 0.4]
		},
		"firstperson_lefthand": {
			"rotation": [-53, 19, 33.75],
			"translation": [0.5, 3, 0],
			"scale": [0.4, 0.4, 0.4]
		},
		"ground": {
			"translation": [0, 3, 0],
			"scale": [0.25, 0.25, 0.25]
		},
		"gui": {
			"rotation": [30, 225, 0],
			"translation": [0, 1.5, 0],
			"scale": [0.625, 0.625, 0.625]
		},
		"head": {
			"rotation": [-8.75, 0, 0],
			"translation": [0, 10.75, -2.5]
		},
		"fixed": {
			"rotation": [-90, 0, 0],
			"translation": [0, 0, -14.25],
			"scale": [2, 2, 2]
		}
	},
	"groups": [
		{
			"name": "head",
			"origin": [0, 21, -8.5],
			"children": [0, 1, 2]
		}
	]
}