{
    
	"variants": {
        
		"axis=y": [     { "model": "block/birch_log", "weight": 50  },

				{ "model": "block/birch_log/birch_log1", "weight": 8  },

				{ "model": "block/birch_log/birch_log2", "weight": 5  },

				{ "model": "block/birch_log/birch_log3", "weight": 2  }
        
		],
		"axis=z": [     { "model": "block/birch_log", "x": 90, "weight": 50  },
				{ "model": "block/birch_log/birch_log1", "x": 90, "weight": 8  },

                                { "model": "block/birch_log/birch_log2", "x": 90, "weight": 5  },

                                { "model": "block/birch_log/birch_log3", "x": 90, "weight": 2  }
		],
		"axis=x": [     { "model": "block/birch_log", "x": 90, "y": 90, "weight": 50  }
,
				{ "model": "block/birch_log/birch_log1", "x": 90, "y": 90, "weight": 8  }
,
				{ "model": "block/birch_log/birch_log2", "x": 90, "y": 90, "weight": 5  }
,
				{ "model": "block/birch_log/birch_log3", "x": 90, "y": 90, "weight": 2  }

    
		]
	}

}
