{
    
	"variants": {
        
		"axis=y": [     { "model": "block/dark_oak_log", "weight": 50 },

        			{ "model": "block/dark_oak_log/dark_oak_log1", "weight": 9 },
				{ "model": "block/dark_oak_log/dark_oak_log2", "weight": 5 },
				{ "model": "block/dark_oak_log/dark_oak_log3", "weight": 2 }
		],
		"axis=z": [     { "model": "block/dark_oak_log", "x": 90, "weight": 50 },

        			{ "model": "block/dark_oak_log/dark_oak_log1", "x": 90, "weight": 9 },
				{ "model": "block/dark_oak_log/dark_oak_log2", "x": 90, "weight": 5 },

				{ "model": "block/dark_oak_log/dark_oak_log3", "x": 90, "weight": 2 }
		],
		"axis=x": [     { "model": "block/dark_oak_log", "x": 90, "y": 90, "weight": 50 }
,
				{ "model": "block/dark_oak_log/dark_oak_log1", "x": 90, "y": 90, "weight": 9 }
,
				{ "model": "block/dark_oak_log/dark_oak_log2", "x": 90, "y": 90, "weight": 5 }
,
				{ "model": "block/dark_oak_log/dark_oak_log3", "x": 90, "y": 90, "weight": 2 }

		]    
	}

}
