{
    
	"variants": {
        
		"": [ 
			{ "model": "block/dirt_path/dirt_path", "weight": 2 }, 
			{ "model": "block/dirt_path/dirt_path1", "weight": 30 }, 
			{ "model": "block/dirt_path/dirt_path2", "weight": 2 },
			{ "model": "block/dirt_path/dirt_path3", "weight": 3 },
			{ "model": "block/dirt_path/dirt_path4", "weight": 5 },
			{ "model": "block/dirt_path/dirt_path", "y": 90 },         
			{ "model": "block/dirt_path/dirt_path", "y": 180 },           
			{ "model": "block/dirt_path/dirt_path", "y": 270 },
			{ "model": "block/dirt_path/dirt_path1", "y": 90 },            
			{ "model": "block/dirt_path/dirt_path1", "y": 180 },            
			{ "model": "block/dirt_path/dirt_path1", "y": 270 },			
			{ "model": "block/dirt_path/dirt_path2", "y": 90 },            
			{ "model": "block/dirt_path/dirt_path2", "y": 180 },            
			{ "model": "block/dirt_path/dirt_path2", "y": 270 },
			{ "model": "block/dirt_path/dirt_path3", "y": 90 },           
			{ "model": "block/dirt_path/dirt_path3", "y": 180 },          
			{ "model": "block/dirt_path/dirt_path3", "y": 270 },
			{ "model": "block/dirt_path/dirt_path4", "y": 90 },           
			{ "model": "block/dirt_path/dirt_path4", "y": 180 },            
			{ "model": "block/dirt_path/dirt_path4", "y": 270 }

		]   
	}

}
