{
	
  "multipart": [
  
    {
      "when": {
        "up": "true"
      },
	  
      "apply": 
		  [
			{"model": "minecraft:block/vine", "weight": 2, "x": 270, "uvlock": true},
			{"model": "minecraft:block/vine_small/vine1", "weight": 1, "x": 270, "uvlock": true},
			{"model": "minecraft:block/vine_small/vine2", "weight": 1, "x": 270, "uvlock": true},
			{"model": "minecraft:block/vine_small/vine3", "weight": 1, "x": 270, "uvlock": true},
			{"model": "minecraft:block/vine_small/vine4", "weight": 1, "x": 270, "uvlock": true},
			{"model": "minecraft:block/vine_small/vine5", "weight": 1, "x": 270, "uvlock": true}
        
		]
      
	  
    },
	
    {
      "when": {
        "up": "false",
        "north": "false",
        "west": "false",
        "south": "false",
        "east": "false"
      },
	  
      "apply": 
		  [
			{"model": "minecraft:block/vine", "weight": 2, "x": 270, "uvlock": true},
			{"model": "minecraft:block/vine_small/vine1", "weight": 1, "x": 270, "uvlock": true},
			{"model": "minecraft:block/vine_small/vine2", "weight": 1, "x": 270, "uvlock": true},
			{"model": "minecraft:block/vine_small/vine3", "weight": 1, "x": 270, "uvlock": true},
			{"model": "minecraft:block/vine_small/vine4", "weight": 1, "x": 270, "uvlock": true},
			{"model": "minecraft:block/vine_small/vine5", "weight": 1, "x": 270, "uvlock": true}
        
		]
      
    },
	
    {
      "when": {
        "north": "true"
      },
	  
      "apply": [
			{"model": "minecraft:block/vine", "weight": 2},
			{"model": "minecraft:block/vine_small/vine1", "weight": 1},
			{"model": "minecraft:block/vine_small/vine2", "weight": 1},
			{"model": "minecraft:block/vine_small/vine3", "weight": 1},
			{"model": "minecraft:block/vine_small/vine4", "weight": 1},
			{"model": "minecraft:block/vine_small/vine5", "weight": 1}
		]
      
    },
	
    {
      "when": {
        "up": "false",
        "north": "false",
        "west": "false",
        "south": "false",
        "east": "false"
      },
	  
      "apply": 
		  [
			{"model": "minecraft:block/vine", "weight": 2},
			{"model": "minecraft:block/vine_small/vine1", "weight": 1},
			{"model": "minecraft:block/vine_small/vine2", "weight": 1},
			{"model": "minecraft:block/vine_small/vine3", "weight": 1},
			{"model": "minecraft:block/vine_small/vine4", "weight": 1},
			{"model": "minecraft:block/vine_small/vine5", "weight": 1}
		]
      
    },
	
    {
      "when": {
        "west": "true"
      },
	  
      "apply": 
		  [
			{"model": "minecraft:block/vine", "weight": 2, "y": 270, "uvlock": true},
			{"model": "minecraft:block/vine_small/vine1", "weight": 1, "y": 270, "uvlock": true},
			{"model": "minecraft:block/vine_small/vine2", "weight": 1, "y": 270, "uvlock": true},
			{"model": "minecraft:block/vine_small/vine3", "weight": 1, "y": 270, "uvlock": true},
			{"model": "minecraft:block/vine_small/vine4", "weight": 1, "y": 270, "uvlock": true},
			{"model": "minecraft:block/vine_small/vine5", "weight": 1, "y": 270, "uvlock": true}

		]
      
    },
	
    {
      "when": {
        "up": "false",
        "north": "false",
        "west": "false",
        "south": "false",
        "east": "false"
      },
	  
      "apply": 
		  [
			{"model": "minecraft:block/vine", "weight": 2, "y": 270, "uvlock": true},
			{"model": "minecraft:block/vine_small/vine1", "weight": 1, "y": 270, "uvlock": true},
			{"model": "minecraft:block/vine_small/vine2", "weight": 1, "y": 270, "uvlock": true},
			{"model": "minecraft:block/vine_small/vine3", "weight": 1, "y": 270, "uvlock": true},
			{"model": "minecraft:block/vine_small/vine4", "weight": 1, "y": 270, "uvlock": true},
			{"model": "minecraft:block/vine_small/vine5", "weight": 1, "y": 270, "uvlock": true}
        
		]
      
    },
	
    {
      "when": {
        "south": "true"
      },
	  
      "apply": 
		  [
			{"model": "minecraft:block/vine", "weight": 2, "y": 180, "uvlock": true},
			{"model": "minecraft:block/vine_small/vine1", "weight": 1, "y": 180, "uvlock": true},
			{"model": "minecraft:block/vine_small/vine2", "weight": 1, "y": 180, "uvlock": true},
			{"model": "minecraft:block/vine_small/vine3", "weight": 1, "y": 180, "uvlock": true},
			{"model": "minecraft:block/vine_small/vine4", "weight": 1, "y": 180, "uvlock": true},
			{"model": "minecraft:block/vine_small/vine5", "weight": 1, "y": 180, "uvlock": true}
        
		]
      
    },
	
    {
      "when": {
        "up": "false",
        "north": "false",
        "west": "false",
        "south": "false",
        "east": "false"
      },
	  
      "apply": 
		  [
			{"model": "minecraft:block/vine", "weight": 2, "y": 180, "uvlock": true},
			{"model": "minecraft:block/vine_small/vine1", "weight": 1, "y": 180, "uvlock": true},
			{"model": "minecraft:block/vine_small/vine2", "weight": 1, "y": 180, "uvlock": true},
			{"model": "minecraft:block/vine_small/vine3", "weight": 1, "y": 180, "uvlock": true},
			{"model": "minecraft:block/vine_small/vine4", "weight": 1, "y": 180, "uvlock": true},
			{"model": "minecraft:block/vine_small/vine5", "weight": 1, "y": 180, "uvlock": true}
        
		]
      
    },
	
    {
      "when": {
        "east": "true"
      },

      "apply": 
		  [
			{"model": "minecraft:block/vine", "weight": 2, "y": 90, "uvlock": true},
			{"model": "minecraft:block/vine_small/vine1", "weight": 1, "y": 90, "uvlock": true},
			{"model": "minecraft:block/vine_small/vine2", "weight": 1, "y": 90, "uvlock": true},
			{"model": "minecraft:block/vine_small/vine3", "weight": 1, "y": 90, "uvlock": true},
			{"model": "minecraft:block/vine_small/vine4", "weight": 1, "y": 90, "uvlock": true},
			{"model": "minecraft:block/vine_small/vine5", "weight": 1, "y": 90, "uvlock": true}
        
		]
     
    },
	
    {
      "when": {
        "up": "false", "north": "false", "west": "false", "south": "false", "east": "false"
      },
      "apply": 
		  [
			{"model": "minecraft:block/vine", "weight": 2, "y": 90, "uvlock": true},
			{"model": "minecraft:block/vine_small/vine1", "weight": 1, "y": 90, "uvlock": true},
			{"model": "minecraft:block/vine_small/vine2", "weight": 1, "y": 90, "uvlock": true},
			{"model": "minecraft:block/vine_small/vine3", "weight": 1, "y": 90, "uvlock": true},
			{"model": "minecraft:block/vine_small/vine4", "weight": 1, "y": 90, "uvlock": true},
			{"model": "minecraft:block/vine_small/vine5", "weight": 1, "y": 90, "uvlock": true}
        
		]
      
    }
  
  ]
  
	
  
}