{
	"credit": "Made with Blockbench",
	"ambientocclusion": false,
	"texture_size": [128, 128],
	"textures": {
		"0": "entity/soul_sandshark/soul_sandshark"
	},
	"elements": [
		{
			"from": [3, 1, -16],
			"to": [13, 9, 2],
			"rotation": {"angle": 0, "axis": "y", "origin": [0, 0, -13]},
			"faces": {
				"north": {"uv": [2.25, 2.25, 3.5, 3.25], "texture": "#0"},
				"east": {"uv": [0, 2.25, 2.25, 3.25], "texture": "#0"},
				"south": {"uv": [5.75, 2.25, 7, 3.25], "texture": "#0"},
				"west": {"uv": [3.5, 2.25, 5.75, 3.25], "texture": "#0"},
				"up": {"uv": [3.5, 2.25, 2.25, 0], "texture": "#0"},
				"down": {"uv": [4.75, 0, 3.5, 2.25], "texture": "#0"}
			}
		},
		{
			"from": [3.2, 1.2, -16],
			"to": [12.8, 8.8, 1.6],
			"rotation": {"angle": 0, "axis": "y", "origin": [0, 0, -13]},
			"faces": {
				"north": {"uv": [2.25, 10.125, 3.5, 11.125], "texture": "#0"},
				"east": {"uv": [0, 10.125, 2.25, 11.125], "texture": "#0"},
				"south": {"uv": [5.75, 10.125, 7, 11.125], "texture": "#0"},
				"west": {"uv": [3.5, 10.125, 5.75, 11.125], "texture": "#0"},
				"up": {"uv": [3.5, 10.125, 2.25, 7.875], "texture": "#0"},
				"down": {"uv": [4.75, 7.875, 3.5, 10.125], "texture": "#0"}
			}
		},
		{
			"from": [5, 2, 1],
			"to": [11, 8, 14],
			"rotation": {"angle": 0, "axis": "y", "origin": [0, 0, -13]},
			"faces": {
				"north": {"uv": [8.625, 1.625, 9.375, 2.375], "texture": "#0"},
				"east": {"uv": [7, 1.625, 8.625, 2.375], "texture": "#0"},
				"south": {"uv": [11, 1.625, 11.75, 2.375], "texture": "#0"},
				"west": {"uv": [9.375, 1.625, 11, 2.375], "texture": "#0"},
				"up": {"uv": [9.375, 1.625, 8.625, 0], "texture": "#0"},
				"down": {"uv": [10.125, 0, 9.375, 1.625], "texture": "#0"}
			}
		},
		{
			"from": [7, 3, 12],
			"to": [9, 7, 24],
			"rotation": {"angle": 0, "axis": "y", "origin": [0, 5, 6]},
			"faces": {
				"north": {"uv": [8.625, 3.875, 8.875, 4.375], "texture": "#0"},
				"east": {"uv": [7.125, 3.875, 8.625, 4.375], "texture": "#0"},
				"south": {"uv": [10.375, 3.875, 10.625, 4.375], "texture": "#0"},
				"west": {"uv": [8.875, 3.875, 10.375, 4.375], "texture": "#0"},
				"up": {"uv": [8.875, 3.875, 8.625, 2.375], "texture": "#0"},
				"down": {"uv": [9.125, 2.375, 8.875, 3.875], "texture": "#0"}
			}
		},
		{
			"from": [8, -3, 18],
			"to": [8, 13, 32],
			"rotation": {"angle": 0, "axis": "y", "origin": [0, -1, -13]},
			"faces": {
				"north": {"uv": [8.75, 4.625, 8.75, 6.625], "texture": "#0"},
				"east": {"uv": [7, 4.625, 8.75, 6.625], "texture": "#0"},
				"south": {"uv": [10.5, 4.625, 10.5, 6.625], "texture": "#0"},
				"west": {"uv": [8.75, 4.625, 10.5, 6.625], "texture": "#0"},
				"up": {"uv": [8.75, 4.625, 8.75, 2.875], "texture": "#0"},
				"down": {"uv": [8.75, 2.875, 8.75, 4.625], "texture": "#0"}
			}
		},
		{
			"from": [-1, 5, 4],
			"to": [17, 5, 15],
			"rotation": {"angle": 0, "axis": "y", "origin": [8, 5, 9.5]},
			"faces": {
				"north": {"uv": [5.625, 4.625, 5.625, 6.875], "rotation": 90, "texture": "#0"},
				"east": {"uv": [5.625, 3.25, 5.625, 4.625], "rotation": 270, "texture": "#0"},
				"south": {"uv": [7, 4.625, 7, 6.875], "rotation": 270, "texture": "#0"},
				"west": {"uv": [5.625, 4.625, 5.625, 3.25], "rotation": 270, "texture": "#0"},
				"up": {"uv": [4.25, 4.625, 5.625, 6.875], "rotation": 270, "texture": "#0"},
				"down": {"uv": [5.625, 4.625, 7, 6.875], "rotation": 270, "texture": "#0"}
			}
		},
		{
			"from": [8, -8, -16],
			"to": [8, 18, 1],
			"rotation": {"angle": 0, "axis": "y", "origin": [0, 0, -13]},
			"faces": {
				"north": {"uv": [2.125, 4.625, 2.125, 7.875], "texture": "#0"},
				"east": {"uv": [0, 4.625, 2.125, 7.875], "texture": "#0"},
				"south": {"uv": [4.25, 4.625, 4.25, 7.875], "texture": "#0"},
				"west": {"uv": [2.125, 4.625, 4.25, 7.875], "texture": "#0"},
				"up": {"uv": [2.125, 4.625, 2.125, 2.5], "texture": "#0"},
				"down": {"uv": [2.125, 2.5, 2.125, 4.625], "texture": "#0"}
			}
		}
	],
	"display": {
		"thirdperson_righthand": {
			"rotation": [75, 0, 0],
			"translation": [-5.5, -1.9, -18.75]
		},
		"thirdperson_lefthand": {
			"rotation": [75, 0, 0],
			"translation": [-5.5, -1.9, -25]
		},
		"head": {
			"translation": [0, -64, 0],
			"scale": [1.6, 1.6, 1.6]
		}
	},
	"groups": [
		{
			"name": "body",
			"origin": [0, 2, -25],
			"color": 0,
			"children": [
				0,
				1,
				{
					"name": "tail1",
					"origin": [0, 3.33333, -5.66667],
					"color": 0,
					"children": [
						2,
						{
							"name": "tail2",
							"origin": [0, 4.5, 6.5],
							"color": 0,
							"children": [
								3,
								{
									"name": "fin",
									"origin": [0, 5, 13],
									"color": 0,
									"children": [4]
								}
							]
						},
						5
					]
				},
				{
					"name": "top_fin",
					"origin": [0, 0, -13],
					"color": 0,
					"children": [6]
				}
			]
		}
	]
}