{
	"credit": "Made with Blockbench",
	"texture_size": [32, 32],
	"textures": {
		"0": "entity/ghast/baby_ghast"
	},
	"elements": [
		{
			"from": [5, 8, 5],
			"to": [11, 14, 11],
			"rotation": {"angle": 0, "axis": "y", "origin": [1, 0, 0]},
			"faces": {
				"north": {"uv": [3, 3, 6, 6], "texture": "#0"},
				"east": {"uv": [0, 3, 3, 6], "texture": "#0"},
				"south": {"uv": [9, 3, 12, 6], "texture": "#0"},
				"west": {"uv": [6, 3, 9, 6], "texture": "#0"},
				"up": {"uv": [6, 3, 3, 0], "texture": "#0"},
				"down": {"uv": [9, 0, 6, 3], "texture": "#0"}
			}
		},
		{
			"from": [3, 8, 3],
			"to": [13, 8, 13],
			"rotation": {"angle": 0, "axis": "y", "origin": [1, 0, 0]},
			"faces": {
				"north": {"uv": [3, 3, 6, 6], "texture": "#0"},
				"east": {"uv": [0, 3, 3, 6], "texture": "#0"},
				"south": {"uv": [9, 3, 12, 6], "texture": "#0"},
				"west": {"uv": [13, 9.5, 16, 12.5], "texture": "#0"},
				"up": {"uv": [11, 8, 16, 13], "texture": "#0"},
				"down": {"uv": [11, 8, 16, 13], "texture": "#0"}
			}
		},
		{
			"from": [5, 6.9, 5],
			"to": [5, 8, 11],
			"rotation": {"angle": -45, "axis": "z", "origin": [5, 8, 8]},
			"faces": {
				"north": {"uv": [3, 15, 3, 15.5], "texture": "#0"},
				"east": {"uv": [0, 15, 3, 15.5], "texture": "#0"},
				"south": {"uv": [6, 15, 6, 15.5], "texture": "#0"},
				"west": {"uv": [3, 15, 6, 15.5], "texture": "#0"},
				"up": {"uv": [3, 15, 3, 12], "texture": "#0"},
				"down": {"uv": [3, 12, 3, 15], "texture": "#0"}
			}
		},
		{
			"from": [11, 7, 5],
			"to": [11, 8, 11],
			"rotation": {"angle": 45, "axis": "z", "origin": [11, 8, 8]},
			"faces": {
				"north": {"uv": [3, 14, 3, 14.5], "texture": "#0"},
				"east": {"uv": [0, 14, 3, 14.5], "texture": "#0"},
				"south": {"uv": [6, 14, 6, 14.5], "texture": "#0"},
				"west": {"uv": [3, 14, 6, 14.5], "texture": "#0"},
				"up": {"uv": [3, 14, 3, 11], "texture": "#0"},
				"down": {"uv": [3, 11, 3, 14], "texture": "#0"}
			}
		},
		{
			"from": [5, 6.9, 5],
			"to": [11, 8, 5],
			"rotation": {"angle": 45, "axis": "x", "origin": [8, 8, 5]},
			"faces": {
				"north": {"uv": [0, 15.5, 3, 16], "texture": "#0"},
				"east": {"uv": [0, 15.5, 0, 16], "texture": "#0"},
				"south": {"uv": [3, 15.5, 6, 16], "texture": "#0"},
				"west": {"uv": [3, 15.5, 3, 16], "texture": "#0"},
				"up": {"uv": [3, 15.5, 0, 15.5], "texture": "#0"},
				"down": {"uv": [6, 15.5, 3, 15.5], "texture": "#0"}
			}
		},
		{
			"from": [5, 6.9, 11],
			"to": [11, 8, 11],
			"rotation": {"angle": -45, "axis": "x", "origin": [8, 8, 11]},
			"faces": {
				"north": {"uv": [0, 14.5, 3, 15], "texture": "#0"},
				"east": {"uv": [0, 14.5, 0, 15], "texture": "#0"},
				"south": {"uv": [3, 14.5, 6, 15], "texture": "#0"},
				"west": {"uv": [3, 14.5, 3, 15], "texture": "#0"},
				"up": {"uv": [3, 14.5, 0, 14.5], "texture": "#0"},
				"down": {"uv": [6, 14.5, 3, 14.5], "texture": "#0"}
			}
		}
	],
	"display": {
		"head": {
			"translation": [0, -52.5, 0],
			"scale": [1.6, 1.6, 1.6]
		}
	},
	"groups": [
		{
			"name": "group2",
			"origin": [0, 0, 0],
			"color": 0,
			"children": [0, 1,
				{
					"name": "group",
					"origin": [7, 8, 11],
					"color": 0,
					"children": [2, 3, 4, 5]
				}
			]
		}
	]
}