{
	"credit": "Made with Blockbench",
	"texture_size": [64, 64],
	"textures": {
		"0": "entity/wraith/blue_cloak_wraith_hurt",
		"particle": "entity/wraith/blue_cloak_wraith_hurt"
	},
	"elements": [
		{
			"from": [2.88339, 3.39838, 8.095],
			"to": [13.87939, 9.39438, 12.091],
			"rotation": {"angle": 0, "axis": "z", "origin": [8, 14.39638, 9.52735]},
			"faces": {
				"north": {"uv": [1, 13, 2.5, 15.75], "rotation": 90, "texture": "#0"},
				"east": {"uv": [4, 12, 2.5, 13], "rotation": 270, "texture": "#0"},
				"south": {"uv": [3.5, 13, 5, 15.75], "rotation": 270, "texture": "#0"},
				"west": {"uv": [2.5, 13, 1, 12], "rotation": 270, "texture": "#0"},
				"up": {"uv": [0, 13, 1, 15.75], "rotation": 270, "texture": "#0"},
				"down": {"uv": [2.5, 13, 3.5, 15.75], "rotation": 270, "texture": "#0"}
			}
		},
		{
			"from": [2.88139, 2.39638, 8.593],
			"to": [16.88139, 10.39638, 12.593],
			"rotation": {"angle": 0, "axis": "z", "origin": [8, 14.39638, 9.52735]},
			"faces": {
				"north": {"uv": [6, 12, 8, 16], "rotation": 90, "texture": "#0"},
				"east": {"uv": [10, 11, 8, 12], "rotation": 270, "texture": "#0"},
				"south": {"uv": [9, 12, 11, 16], "rotation": 270, "texture": "#0"},
				"west": {"uv": [8, 12, 6, 11], "rotation": 270, "texture": "#0"},
				"up": {"uv": [5, 12, 6, 16], "rotation": 270, "texture": "#0"},
				"down": {"uv": [8, 12, 9, 16], "rotation": 270, "texture": "#0"}
			}
		},
		{
			"from": [3.39838, 10.39838, 8.002],
			"to": [21.39438, 12.39438, 9.998],
			"shade": false,
			"rotation": {"angle": 0, "axis": "z", "origin": [8, 14.39638, 9.52735]},
			"faces": {
				"north": {"uv": [15, 11.5, 14.5, 16], "rotation": 90, "texture": "#0"},
				"east": {"uv": [15, 11, 15.5, 11.5], "rotation": 270, "texture": "#0"},
				"south": {"uv": [16, 11.5, 15.5, 16], "rotation": 270, "texture": "#0"},
				"west": {"uv": [14.5, 11.5, 15, 11], "rotation": 270, "texture": "#0"},
				"up": {"uv": [15.5, 11.5, 15, 16], "rotation": 270, "texture": "#0"},
				"down": {"uv": [14.5, 11.5, 14, 16], "rotation": 270, "texture": "#0"}
			}
		},
		{
			"from": [2.39638, 10.14638, 7.5],
			"to": [20.39638, 13.14638, 10.5],
			"shade": false,
			"rotation": {"angle": 0, "axis": "z", "origin": [8, 14.39638, 9.52735]},
			"faces": {
				"north": {"uv": [12.5, 11.5, 11.75, 16], "rotation": 90, "texture": "#0"},
				"east": {"uv": [12.5, 10.75, 13.25, 11.5], "rotation": 270, "texture": "#0"},
				"south": {"uv": [14, 11.5, 13.25, 16], "rotation": 270, "texture": "#0"},
				"west": {"uv": [11.75, 11.5, 12.5, 10.75], "rotation": 270, "texture": "#0"},
				"up": {"uv": [13.25, 11.5, 12.5, 16], "rotation": 270, "texture": "#0"},
				"down": {"uv": [11.75, 11.5, 11, 16], "rotation": 270, "texture": "#0"}
			}
		},
		{
			"name": "cube_outline",
			"from": [20.39638, 13.14638, 10.5],
			"to": [2.39638, 10.14638, 7.5],
			"rotation": {"angle": 0, "axis": "z", "origin": [8, 14.39638, 9.52735]},
			"faces": {
				"north": {"uv": [14, 11.5, 13.25, 16], "rotation": 270, "texture": "#0"},
				"east": {"uv": [11.75, 11.5, 12.5, 10.75], "rotation": 90, "texture": "#0"},
				"south": {"uv": [12.5, 11.5, 11.75, 16], "rotation": 90, "texture": "#0"},
				"west": {"uv": [12.5, 10.75, 13.25, 11.5], "rotation": 90, "texture": "#0"},
				"up": {"uv": [11.75, 11.5, 11, 16], "rotation": 90, "texture": "#0"},
				"down": {"uv": [13.25, 11.5, 12.5, 16], "rotation": 90, "texture": "#0"}
			}
		},
		{
			"from": [3.39838, 0.39838, 8.002],
			"to": [21.39438, 2.39438, 9.998],
			"rotation": {"angle": 0, "axis": "z", "origin": [8, 14.39638, 9.52735]},
			"faces": {
				"north": {"uv": [14.5, 11.5, 15, 16], "rotation": 90, "texture": "#0"},
				"east": {"uv": [15.5, 11, 15, 11.5], "rotation": 270, "texture": "#0"},
				"south": {"uv": [15.5, 11.5, 16, 16], "rotation": 270, "texture": "#0"},
				"west": {"uv": [15, 11.5, 14.5, 11], "rotation": 270, "texture": "#0"},
				"up": {"uv": [14, 11.5, 14.5, 16], "rotation": 270, "texture": "#0"},
				"down": {"uv": [15, 11.5, 15.5, 16], "rotation": 270, "texture": "#0"}
			}
		},
		{
			"from": [2.39638, -0.35362, 7.5],
			"to": [20.39638, 2.64638, 10.5],
			"rotation": {"angle": 0, "axis": "z", "origin": [8, 14.39638, 9.52735]},
			"faces": {
				"north": {"uv": [11.75, 11.5, 12.5, 16], "rotation": 90, "texture": "#0"},
				"east": {"uv": [13.25, 10.75, 12.5, 11.5], "rotation": 270, "texture": "#0"},
				"south": {"uv": [13.25, 11.5, 14, 16], "rotation": 270, "texture": "#0"},
				"west": {"uv": [12.5, 11.5, 11.75, 10.75], "rotation": 270, "texture": "#0"},
				"up": {"uv": [11, 11.5, 11.75, 16], "rotation": 270, "texture": "#0"},
				"down": {"uv": [12.5, 11.5, 13.25, 16], "rotation": 270, "texture": "#0"}
			}
		},
		{
			"name": "cube_outline",
			"from": [20.39638, 2.64638, 10.5],
			"to": [2.39638, -0.35362, 7.5],
			"rotation": {"angle": 0, "axis": "z", "origin": [8, 14.39638, 9.52735]},
			"faces": {
				"north": {"uv": [13.25, 11.5, 14, 16], "rotation": 270, "texture": "#0"},
				"east": {"uv": [12.5, 11.5, 11.75, 10.75], "rotation": 90, "texture": "#0"},
				"south": {"uv": [11.75, 11.5, 12.5, 16], "rotation": 90, "texture": "#0"},
				"west": {"uv": [13.25, 10.75, 12.5, 11.5], "rotation": 90, "texture": "#0"},
				"up": {"uv": [12.5, 11.5, 13.25, 16], "rotation": 90, "texture": "#0"},
				"down": {"uv": [11, 11.5, 11.75, 16], "rotation": 90, "texture": "#0"}
			}
		},
		{
			"name": "cube_outline",
			"from": [16.88139, 10.39638, 12.593],
			"to": [2.88139, 2.39638, 8.593],
			"rotation": {"angle": 0, "axis": "z", "origin": [8, 14.39638, 9.52735]},
			"faces": {
				"north": {"uv": [9, 12, 11, 16], "rotation": 270, "texture": "#0"},
				"east": {"uv": [8, 12, 6, 11], "rotation": 90, "texture": "#0"},
				"south": {"uv": [6, 12, 8, 16], "rotation": 90, "texture": "#0"},
				"west": {"uv": [10, 11, 8, 12], "rotation": 90, "texture": "#0"},
				"up": {"uv": [8, 12, 9, 16], "rotation": 90, "texture": "#0"},
				"down": {"uv": [5, 12, 6, 16], "rotation": 90, "texture": "#0"}
			}
		},
		{
			"name": "cube_outline",
			"from": [13.88139, 9.39638, 12.093],
			"to": [2.88139, 3.39638, 8.093],
			"rotation": {"angle": 0, "axis": "z", "origin": [8, 14.39638, 9.52735]},
			"faces": {
				"north": {"uv": [3.5, 13, 5, 15.75], "rotation": 270, "texture": "#0"},
				"east": {"uv": [2.5, 13, 1, 12], "rotation": 90, "texture": "#0"},
				"south": {"uv": [1, 13, 2.5, 15.75], "rotation": 90, "texture": "#0"},
				"west": {"uv": [4, 12, 2.5, 13], "rotation": 90, "texture": "#0"},
				"up": {"uv": [2.5, 13, 3.5, 15.75], "rotation": 90, "texture": "#0"},
				"down": {"uv": [0, 13, 1, 15.75], "rotation": 90, "texture": "#0"}
			}
		},
		{
			"from": [-5.60562, 2.39438, 4.998],
			"to": [5.39838, 10.39838, 13.002],
			"rotation": {"angle": 0, "axis": "z", "origin": [8, 14.39638, 9.52735]},
			"faces": {
				"north": {"uv": [2, 5.25, 4, 8], "rotation": 90, "texture": "#0"},
				"east": {"uv": [6, 3.25, 4, 5.25], "rotation": 270, "texture": "#0"},
				"south": {"uv": [6, 5.25, 8, 8], "rotation": 270, "texture": "#0"},
				"west": {"uv": [4, 5.25, 2, 3.25], "rotation": 270, "texture": "#0"},
				"up": {"uv": [0, 5.25, 2, 8], "rotation": 270, "texture": "#0"},
				"down": {"uv": [4, 5.25, 6, 8], "rotation": 270, "texture": "#0"}
			}
		},
		{
			"from": [-4.60362, 3.39638, 6],
			"to": [2.39638, 9.39638, 12],
			"rotation": {"angle": 0, "axis": "z", "origin": [8, 14.39638, 9.52735]},
			"faces": {
				"north": {"uv": [1.5, 1.5, 3, 3.25], "rotation": 90, "texture": "#0"},
				"east": {"uv": [4.5, 0, 3, 1.5], "rotation": 270, "texture": "#0"},
				"south": {"uv": [4.5, 1.5, 6, 3.25], "rotation": 270, "texture": "#0"},
				"west": {"uv": [3, 1.5, 1.5, 0], "rotation": 270, "texture": "#0"},
				"up": {"uv": [0, 1.5, 1.5, 3.25], "rotation": 270, "texture": "#0"},
				"down": {"uv": [3, 1.5, 4.5, 3.25], "rotation": 270, "texture": "#0"}
			}
		},
		{
			"name": "cube_outline",
			"from": [5.39638, 10.39638, 13],
			"to": [-5.60362, 2.39638, 5],
			"rotation": {"angle": 0, "axis": "z", "origin": [8, 14.39638, 9.52735]},
			"faces": {
				"north": {"uv": [6, 5.25, 8, 8], "rotation": 270, "texture": "#0"},
				"east": {"uv": [4, 5.25, 2, 3.25], "rotation": 90, "texture": "#0"},
				"south": {"uv": [2, 5.25, 4, 8], "rotation": 90, "texture": "#0"},
				"west": {"uv": [6, 3.25, 4, 5.25], "rotation": 90, "texture": "#0"},
				"up": {"uv": [4, 5.25, 6, 8], "rotation": 90, "texture": "#0"},
				"down": {"uv": [0, 5.25, 2, 8], "rotation": 90, "texture": "#0"}
			}
		}
	],
	"display": {
		"head": {
			"translation": [-13.75, -61, 0],
			"scale": [1.6, 1.6, 1.6]
		}
	},
	"groups": [
		{
			"name": "group",
			"origin": [0, 0, 0],
			"color": 0,
			"children": [
				0,
				1,
				{
					"name": "group",
					"origin": [8, 8, 8],
					"color": 0,
					"children": [2, 3, 4]
				},
				{
					"name": "group",
					"origin": [8, 8, 8],
					"color": 0,
					"children": [5, 6, 7]
				},
				8,
				9
			]
		},
		{
			"name": "group",
			"origin": [0, 0, 0],
			"color": 0,
			"children": [10, 11, 12]
		}
	]
}