{
	"credit": "Made with Blockbench",
	"texture_size": [32, 32],
	"textures": {
		"2": "entity/crimling"
	},
	"elements": [
		{
			"from": [5, 9, 5],
			"to": [11, 14, 11],
			"rotation": {"angle": 0, "axis": "y", "origin": [1, 0, 0]},
			"faces": {
				"north": {"uv": [3, 3, 6, 5.5], "texture": "#2"},
				"east": {"uv": [0, 3, 3, 5.5], "texture": "#2"},
				"south": {"uv": [9, 3, 12, 5.5], "texture": "#2"},
				"west": {"uv": [6, 3, 9, 5.5], "texture": "#2"},
				"up": {"uv": [6, 3, 3, 0], "texture": "#2"},
				"down": {"uv": [9, 0, 6, 3], "texture": "#2"}
			}
		},
		{
			"from": [4, 8, 4],
			"to": [12, 9, 12],
			"rotation": {"angle": 0, "axis": "y", "origin": [1, 0, 0]},
			"faces": {
				"north": {"uv": [4, 15.5, 8, 16], "texture": "#2"},
				"east": {"uv": [0, 15.5, 4, 16], "texture": "#2"},
				"south": {"uv": [12, 15.5, 16, 16], "texture": "#2"},
				"west": {"uv": [8, 15.5, 12, 16], "texture": "#2"},
				"up": {"uv": [8, 15.5, 4, 11.5], "texture": "#2"},
				"down": {"uv": [12, 11.5, 8, 15.5], "texture": "#2"}
			}
		},
		{
			"from": [4, 5, 8],
			"to": [12, 8, 8],
			"rotation": {"angle": 45, "axis": "y", "origin": [8, 6.5, 8]},
			"faces": {
				"north": {"uv": [8, 7, 12, 8.5], "texture": "#2"},
				"east": {"uv": [8, 7, 8, 8.5], "texture": "#2"},
				"south": {"uv": [12, 7, 16, 8.5], "texture": "#2"},
				"west": {"uv": [12, 7, 12, 8.5], "texture": "#2"},
				"up": {"uv": [12, 7, 8, 7], "texture": "#2"},
				"down": {"uv": [16, 7, 12, 7], "texture": "#2"}
			}
		},
		{
			"from": [4, 5, 8],
			"to": [12, 8, 8],
			"rotation": {"angle": -45, "axis": "y", "origin": [8, 6.5, 8]},
			"faces": {
				"north": {"uv": [8, 8.5, 12, 10], "texture": "#2"},
				"east": {"uv": [8, 8.5, 8, 10], "texture": "#2"},
				"south": {"uv": [12, 8.5, 16, 10], "texture": "#2"},
				"west": {"uv": [12, 8.5, 12, 10], "texture": "#2"},
				"up": {"uv": [12, 8.5, 8, 8.5], "texture": "#2"},
				"down": {"uv": [16, 8.5, 12, 8.5], "texture": "#2"}
			}
		}
	],
	"display": {
		"head": {
			"translation": [0, -52.5, 0],
			"scale": [1.6, 1.6, 1.6]
		}
	},
	"groups": [
		{
			"name": "group2",
			"origin": [0, 0, 0],
			"color": 0,
			"children": [
				0,
				1,
				2,
				3,
				{
					"name": "group",
					"origin": [7, 8, 11],
					"color": 0,
					"children": []
				}
			]
		}
	]
}