{
	"credit": "Made with Blockbench",
	"ambientocclusion": false,
	"texture_size": [32, 32],
	"textures": {
		"2": "entity/moody_soul_hurt"
	},
	"elements": [
		{
			"from": [5, 5.25, 5],
			"to": [10, 10.25, 10],
			"rotation": {"angle": 0, "axis": "y", "origin": [7.5, 7.75, 7.5]},
			"faces": {
				"north": {"uv": [2.5, 2.5, 5, 5], "texture": "#2"},
				"east": {"uv": [0, 2.5, 2.5, 5], "texture": "#2"},
				"south": {"uv": [7.5, 2.5, 10, 5], "texture": "#2"},
				"west": {"uv": [5, 2.5, 7.5, 5], "texture": "#2"},
				"up": {"uv": [5, 2.5, 2.5, 0], "rotation": 180, "texture": "#2"},
				"down": {"uv": [7.5, 0, 5, 2.5], "rotation": 180, "texture": "#2"}
			}
		},
		{
			"from": [7.5, 0.25, 5],
			"to": [7.5, 7.25, 10],
			"rotation": {"angle": -22.5, "axis": "x", "origin": [7.5, 5.25, 7.5]},
			"faces": {
				"north": {"uv": [0, 5, 2.5, 8.5], "texture": "#2"},
				"east": {"uv": [0, 5, 2.5, 8.5], "texture": "#2"},
				"south": {"uv": [0, 5, 0, 7.5], "texture": "#2"},
				"west": {"uv": [0, 5, 2.5, 8.5], "texture": "#2"},
				"up": {"uv": [2.5, 5, 0, 5], "rotation": 270, "texture": "#2"},
				"down": {"uv": [5, 5, 2.5, 5], "rotation": 90, "texture": "#2"}
			}
		},
		{
			"from": [5, 1.25, 7.5],
			"to": [10, 7.25, 7.5],
			"rotation": {"angle": -22.5, "axis": "x", "origin": [7.5, 5.25, 7.5]},
			"faces": {
				"north": {"uv": [0, 5, 2.5, 8.5], "texture": "#2"},
				"east": {"uv": [0, 5, 0, 7.5], "texture": "#2"},
				"south": {"uv": [0, 5, 2.5, 8.5], "texture": "#2"},
				"west": {"uv": [2.5, 5, 2.5, 7.5], "texture": "#2"},
				"up": {"uv": [2.5, 5, 0, 5], "rotation": 180, "texture": "#2"},
				"down": {"uv": [5, 5, 2.5, 5], "rotation": 180, "texture": "#2"}
			}
		}
	],
	"display": {
		"gui": {
			"rotation": [30, 225, 0],
			"translation": [-1, 1.25, 0],
			"scale": [1.7, 1.7, 1.7]
		},
		"head": {
			"translation": [1, -45, 0],
			"scale": [1.5, 1.5, 1.5]
		}
	},
	"groups": [
		{
			"name": "body",
			"origin": [8, 8, 8],
			"color": 0,
			"children": [0]
		},
		{
			"name": "tail",
			"origin": [8, 8, 8],
			"color": 0,
			"children": [1, 2]
		}
	]
}