{
	"credit": "Made with Blockbench",
	"texture_size": [64, 32],
	"textures": {
		"0": "entity/skeleton/skeleton_piglin"
	},
	"elements": [
		{
			"name": "body",
			"from": [4, 12, 6],
			"to": [12, 24, 10],
			"rotation": {"angle": 0, "axis": "y", "origin": [8, 21, 8]},
			"faces": {
				"north": {"uv": [5, 10, 7, 16], "texture": "#0"},
				"east": {"uv": [4, 10, 5, 16], "texture": "#0"},
				"south": {"uv": [8, 10, 10, 16], "texture": "#0"},
				"west": {"uv": [7, 10, 8, 16], "texture": "#0"},
				"up": {"uv": [7, 10, 5, 8], "texture": "#0"},
				"down": {"uv": [9, 8, 7, 10], "texture": "#0"}
			}
		},
		{
			"name": "body_outline",
			"from": [12, 24, 10],
			"to": [4, 12, 6],
			"rotation": {"angle": 0, "axis": "y", "origin": [8, 21, 8]},
			"faces": {
				"north": {"uv": [8, 10, 10, 16], "rotation": 180, "texture": "#0"},
				"east": {"uv": [8, 10, 7, 16], "rotation": 180, "texture": "#0"},
				"south": {"uv": [5, 10, 7, 16], "rotation": 180, "texture": "#0"},
				"west": {"uv": [5, 10, 4, 16], "rotation": 180, "texture": "#0"},
				"up": {"uv": [9, 8, 7, 10], "rotation": 180, "texture": "#0"},
				"down": {"uv": [7, 10, 5, 8], "rotation": 180, "texture": "#0"}
			}
		},
		{
			"name": "left_arm",
			"from": [1, 12, 7],
			"to": [4, 24, 10],
			"rotation": {"angle": 0, "axis": "y", "origin": [2.5, 23, 8.5]},
			"faces": {
				"north": {"uv": [10.75, 10, 11.5, 16], "texture": "#0"},
				"east": {"uv": [10, 10, 10.75, 16], "texture": "#0"},
				"south": {"uv": [12.25, 10, 13, 16], "texture": "#0"},
				"west": {"uv": [11.5, 10, 12.25, 16], "texture": "#0"},
				"up": {"uv": [11.5, 10, 10.75, 8.5], "texture": "#0"},
				"down": {"uv": [12.25, 8.5, 11.5, 10], "texture": "#0"}
			}
		},
		{
			"name": "right_arm",
			"from": [12, 12, 7],
			"to": [15, 24, 10],
			"rotation": {"angle": 0, "axis": "y", "origin": [13.5, 23, 8.5]},
			"faces": {
				"north": {"uv": [10.75, 10, 11.5, 16], "texture": "#0"},
				"east": {"uv": [10, 10, 10.75, 16], "texture": "#0"},
				"south": {"uv": [12.25, 10, 13, 16], "texture": "#0"},
				"west": {"uv": [11.5, 10, 12.25, 16], "texture": "#0"},
				"up": {"uv": [11.5, 10, 10.75, 8.5], "texture": "#0"},
				"down": {"uv": [12.25, 8.5, 11.5, 10], "texture": "#0"}
			}
		},
		{
			"name": "left_leg",
			"from": [4, 0, 7],
			"to": [7, 12, 10],
			"rotation": {"angle": 0, "axis": "y", "origin": [5.5, 12, 8.5]},
			"faces": {
				"north": {"uv": [0.75, 10, 1.5, 16], "texture": "#0"},
				"east": {"uv": [0, 10, 0.75, 16], "texture": "#0"},
				"south": {"uv": [2.25, 10, 3, 16], "texture": "#0"},
				"west": {"uv": [1.5, 10, 2.25, 16], "texture": "#0"},
				"up": {"uv": [1.5, 10, 0.75, 8.5], "texture": "#0"},
				"down": {"uv": [2.25, 8.5, 1.5, 10], "texture": "#0"}
			}
		},
		{
			"name": "right_leg",
			"from": [9, 0, 7],
			"to": [12, 12, 10],
			"rotation": {"angle": 0, "axis": "y", "origin": [10.5, 12, 8.5]},
			"faces": {
				"north": {"uv": [0.75, 10, 1.5, 16], "texture": "#0"},
				"east": {"uv": [0, 10, 0.75, 16], "texture": "#0"},
				"south": {"uv": [2.25, 10, 3, 16], "texture": "#0"},
				"west": {"uv": [1.5, 10, 2.25, 16], "texture": "#0"},
				"up": {"uv": [1.5, 10, 0.75, 8.5], "texture": "#0"},
				"down": {"uv": [2.25, 8.5, 1.5, 10], "texture": "#0"}
			}
		}
	],
	"display": {
		"head": {
			"translation": [0, -69, 0],
			"scale": [1.6, 1.6, 1.6]
		}
	},
	"groups": [
		{
			"name": "body",
			"origin": [0, 24, 0],
			"color": 0,
			"children": [0, 1]
		},
		{
			"name": "left_arm",
			"origin": [5, 22, 0],
			"color": 0,
			"children": [2]
		},
		{
			"name": "right_arm",
			"origin": [-5, 22, 0],
			"color": 0,
			"children": [3]
		},
		{
			"name": "left_leg",
			"origin": [2, 12, 0],
			"color": 0,
			"children": [4]
		},
		{
			"name": "right_leg",
			"origin": [-2, 12, 0],
			"color": 0,
			"children": [5]
		}
	]
}