{
	"credit": "Made with Blockbench",
	"texture_size": [64, 32],
	"textures": {
		"0": "entity/skeleton/skeleton_piglin"
	},
	"elements": [
		{
			"name": "head",
			"from": [3, 24, 4],
			"to": [13, 32, 12],
			"rotation": {"angle": 0, "axis": "x", "origin": [8, 25, 7.625]},
			"faces": {
				"north": {"uv": [2, 4, 4.5, 8], "texture": "#0"},
				"east": {"uv": [0, 4, 2, 8], "texture": "#0"},
				"south": {"uv": [6.5, 4, 9, 8], "texture": "#0"},
				"west": {"uv": [4.5, 4, 6.5, 8], "texture": "#0"},
				"up": {"uv": [4.5, 4, 2, 0], "texture": "#0"},
				"down": {"uv": [7, 0, 4.5, 4], "texture": "#0"}
			}
		},
		{
			"name": "head",
			"from": [6, 24, 3],
			"to": [10, 28, 4],
			"rotation": {"angle": 0, "axis": "x", "origin": [8, 25, 7.625]},
			"faces": {
				"north": {"uv": [8, 1, 9, 3], "texture": "#0"},
				"east": {"uv": [7.75, 1, 8, 3], "texture": "#0"},
				"south": {"uv": [9.25, 1, 10.25, 3], "texture": "#0"},
				"west": {"uv": [9, 1, 9.25, 3], "texture": "#0"},
				"up": {"uv": [9, 1, 8, 0.5], "texture": "#0"},
				"down": {"uv": [10, 0.5, 9, 1], "texture": "#0"}
			}
		},
		{
			"name": "head",
			"from": [5, 24, 3],
			"to": [6, 26, 4],
			"rotation": {"angle": 0, "axis": "x", "origin": [8, 25, 7.625]},
			"faces": {
				"north": {"uv": [0.75, 2.5, 1, 3.5], "texture": "#0"},
				"east": {"uv": [0.5, 2.5, 0.75, 3.5], "texture": "#0"},
				"south": {"uv": [1.25, 2.5, 1.5, 3.5], "texture": "#0"},
				"west": {"uv": [1, 2.5, 1.25, 3.5], "texture": "#0"},
				"up": {"uv": [1, 2.5, 0.75, 2], "texture": "#0"},
				"down": {"uv": [1.25, 2, 1, 2.5], "texture": "#0"}
			}
		},
		{
			"name": "head",
			"from": [10, 24, 3],
			"to": [11, 26, 4],
			"rotation": {"angle": 0, "axis": "x", "origin": [8, 25, 7.625]},
			"faces": {
				"north": {"uv": [0.75, 0.5, 1, 1.5], "texture": "#0"},
				"east": {"uv": [0.5, 0.5, 0.75, 1.5], "texture": "#0"},
				"south": {"uv": [1.25, 0.5, 1.5, 1.5], "texture": "#0"},
				"west": {"uv": [1, 0.5, 1.25, 1.5], "texture": "#0"},
				"up": {"uv": [1, 0.5, 0.75, 0], "texture": "#0"},
				"down": {"uv": [1.25, 0, 1, 0.5], "texture": "#0"}
			}
		},
		{
			"name": "head_outline",
			"from": [13, 32, 12],
			"to": [3, 24, 4],
			"rotation": {"angle": 0, "axis": "y", "origin": [8, 25, 7.625]},
			"faces": {
				"north": {"uv": [6.5, 4, 9, 8], "rotation": 180, "texture": "#0"},
				"east": {"uv": [0, 4, 2, 8], "rotation": 180, "texture": "#0"},
				"south": {"uv": [2, 4, 4.5, 8], "rotation": 180, "texture": "#0"},
				"west": {"uv": [2, 4, 0, 8], "rotation": 180, "texture": "#0"},
				"up": {"uv": [7, 0, 4.5, 4], "rotation": 180, "texture": "#0"},
				"down": {"uv": [4.5, 4, 2, 0], "rotation": 180, "texture": "#0"}
			}
		}
	],
	"display": {
		"head": {
			"translation": [0, -32, 0],
			"scale": [1.6, 1.6, 1.6]
		}
	},
	"groups": [
		{
			"name": "head",
			"origin": [0, 24, 0],
			"color": 0,
			"children": [0, 1, 2, 3, 4]
		}
	]
}