{
	"credit": "Made with Blockbench",
	"ambientocclusion": false,
	"texture_size": [64, 64],
	"textures": {
		"0": "soul_skeleton",
		"1": "small_soul_fire",
		"2": "block/soul",
		"particle": "small_soul_fire"
	},
	"elements": [
		{
			"name": "head",
			"from": [4, 16, 4],
			"to": [12, 24, 12],
			"faces": {
				"north": {"uv": [2, 2, 4, 4], "texture": "#0"},
				"east": {"uv": [0, 2, 2, 4], "texture": "#0"},
				"south": {"uv": [6, 2, 8, 4], "texture": "#0"},
				"west": {"uv": [4, 2, 6, 4], "texture": "#0"},
				"up": {"uv": [4, 2, 2, 0], "texture": "#0"},
				"down": {"uv": [6, 0, 4, 2], "texture": "#0"}
			}
		},
		{
			"name": "body",
			"from": [4, 4, 6],
			"to": [12, 16, 10],
			"faces": {
				"north": {"uv": [5, 5, 7, 8], "texture": "#0"},
				"east": {"uv": [4, 5, 5, 8], "texture": "#0"},
				"south": {"uv": [8, 5, 10, 8], "texture": "#0"},
				"west": {"uv": [7, 5, 8, 8], "texture": "#0"},
				"up": {"uv": [7, 5, 5, 4], "texture": "#0"},
				"down": {"uv": [9, 4, 7, 5], "texture": "#0"}
			}
		},
		{
			"name": "right_arm",
			"from": [2.001, 4.001, 7.001],
			"to": [3.999, 15.999, 8.999],
			"rotation": {"angle": 0, "axis": "x", "origin": [12, 15, 8]},
			"faces": {
				"north": {"uv": [13.25, 4.5, 12.75, 7.5], "texture": "#0"},
				"east": {"uv": [12.75, 4.5, 12.25, 7.5], "texture": "#0"},
				"south": {"uv": [14.25, 4.5, 13.75, 7.5], "texture": "#0"},
				"west": {"uv": [13.75, 4.5, 13.25, 7.5], "texture": "#0"},
				"up": {"uv": [13.25, 4.5, 12.75, 4], "texture": "#0"},
				"down": {"uv": [13.75, 4, 13.25, 4.5], "texture": "#0"}
			}
		},
		{
			"name": "right_arm",
			"from": [12.001, 4.001, 7.001],
			"to": [13.999, 15.999, 8.999],
			"rotation": {"angle": 0, "axis": "x", "origin": [12, 15, 8]},
			"faces": {
				"north": {"uv": [10.5, 4.5, 11, 7.5], "texture": "#0"},
				"east": {"uv": [10, 4.5, 10.5, 7.5], "texture": "#0"},
				"south": {"uv": [11.5, 4.5, 12, 7.5], "texture": "#0"},
				"west": {"uv": [11, 4.5, 11.5, 7.5], "texture": "#0"},
				"up": {"uv": [11, 4.5, 10.5, 4], "texture": "#0"},
				"down": {"uv": [11.5, 4, 11, 4.5], "texture": "#0"}
			}
		},
		{
			"name": "left_leg",
			"from": [5, -8, 7],
			"to": [7, 4, 9],
			"shade": false,
			"faces": {
				"north": {"uv": [1, 4.5, 0.5, 7.5], "texture": "#0"},
				"east": {"uv": [1.5, 4.5, 1, 7.5], "texture": "#0"},
				"south": {"uv": [2, 4.5, 1.5, 7.5], "texture": "#0"},
				"west": {"uv": [0.5, 4.5, 0, 7.5], "texture": "#0"},
				"up": {"uv": [0.5, 4.5, 1, 4], "texture": "#0"},
				"down": {"uv": [1, 4, 1.5, 4.5], "texture": "#0"}
			}
		},
		{
			"name": "right_leg",
			"from": [9, -8, 7],
			"to": [11, 4, 9],
			"faces": {
				"north": {"uv": [0.5, 4.5, 1, 7.5], "texture": "#0"},
				"east": {"uv": [0, 4.5, 0.5, 7.5], "texture": "#0"},
				"south": {"uv": [1.5, 4.5, 2, 7.5], "texture": "#0"},
				"west": {"uv": [1, 4.5, 1.5, 7.5], "texture": "#0"},
				"up": {"uv": [1, 4.5, 0.5, 4], "texture": "#0"},
				"down": {"uv": [1.5, 4, 1, 4.5], "texture": "#0"}
			}
		},
		{
			"from": [4, 24, 8],
			"to": [12, 32, 8],
			"shade": false,
			"rotation": {"angle": -45, "axis": "y", "origin": [8, 28, 8]},
			"faces": {
				"north": {"uv": [0, 0, 16, 16], "texture": "#1"},
				"east": {"uv": [0, 64, 0, 96], "texture": "#missing"},
				"south": {"uv": [0, 0, 16, 16], "texture": "#1"},
				"west": {"uv": [32, 64, 32, 96], "texture": "#missing"},
				"up": {"uv": [32, 64, 0, 64], "rotation": 270, "texture": "#missing"},
				"down": {"uv": [64, 64, 32, 64], "rotation": 90, "texture": "#missing"}
			}
		},
		{
			"from": [8, 24, 4],
			"to": [8, 32, 12],
			"shade": false,
			"rotation": {"angle": -45, "axis": "y", "origin": [8, 28, 8]},
			"faces": {
				"north": {"uv": [5, 6.5, 5, 8.5], "texture": "#1"},
				"east": {"uv": [0, 0, 16, 16], "texture": "#1"},
				"south": {"uv": [7, 6.5, 7, 8.5], "texture": "#1"},
				"west": {"uv": [0, 0, 16, 16], "texture": "#1"},
				"up": {"uv": [5, 6.5, 5, 4.5], "texture": "#1"},
				"down": {"uv": [5, 4.5, 5, 6.5], "texture": "#1"}
			}
		},
		{
			"from": [5.2, 11.2, 6.15],
			"to": [8.8, 14.8, 9.75],
			"rotation": {"angle": 0, "axis": "x", "origin": [8, 11.5, 7.2]},
			"faces": {
				"north": {"uv": [3, 3, 6, 6], "texture": "#2"},
				"east": {"uv": [0, 3, 3, 6], "texture": "#2"},
				"south": {"uv": [9, 3, 12, 6], "texture": "#2"},
				"west": {"uv": [6, 3, 9, 6], "texture": "#2"},
				"up": {"uv": [3, 0, 6, 3], "rotation": 180, "texture": "#2"},
				"down": {"uv": [6, 0, 9, 3], "rotation": 180, "texture": "#2"}
			}
		},
		{
			"name": "body_outline",
			"from": [12, 16, 10],
			"to": [4, 4, 6],
			"faces": {
				"north": {"uv": [10, 5, 8, 8], "rotation": 180, "texture": "#0"},
				"east": {"uv": [7, 5, 8, 8], "rotation": 180, "texture": "#0"},
				"south": {"uv": [7, 5, 5, 8], "rotation": 180, "texture": "#0"},
				"west": {"uv": [4, 5, 5, 8], "rotation": 180, "texture": "#0"},
				"up": {"uv": [9, 4, 7, 5], "rotation": 180, "texture": "#0"},
				"down": {"uv": [7, 5, 5, 4], "rotation": 180, "texture": "#0"}
			}
		},
		{
			"name": "head_outline",
			"from": [12, 24, 12],
			"to": [4, 16, 4],
			"faces": {
				"north": {"uv": [6, 2, 8, 4], "rotation": 180, "texture": "#0"},
				"east": {"uv": [4, 2, 6, 4], "rotation": 180, "texture": "#0"},
				"south": {"uv": [2, 2, 4, 4], "rotation": 180, "texture": "#0"},
				"west": {"uv": [0, 2, 2, 4], "rotation": 180, "texture": "#0"},
				"up": {"uv": [6, 0, 4, 2], "rotation": 180, "texture": "#0"},
				"down": {"uv": [4, 2, 2, 0], "rotation": 180, "texture": "#0"}
			}
		}
	],
	"groups": [
		{
			"name": "head",
			"origin": [0, 24, 0],
			"color": 0,
			"children": [0]
		},
		{
			"name": "body",
			"origin": [0, 24, 0],
			"color": 0,
			"children": [1]
		},
		{
			"name": "left_arm",
			"origin": [5, 22, 0],
			"color": 0,
			"shade": false,
			"children": [2]
		},
		{
			"name": "right_arm",
			"origin": [-5, 22, 0],
			"color": 0,
			"children": [3]
		},
		{
			"name": "left_leg",
			"origin": [2, 12, 0.1],
			"color": 0,
			"shade": false,
			"children": [4]
		},
		{
			"name": "right_leg",
			"origin": [-2, 12, 0.1],
			"color": 0,
			"children": [5]
		}, 6, 7, 8, 9, 10]
}