{   
	"parent": "block/block",
    
	"ambientocclusion": false,
    
	"textures": {
        
		"particle": "block/cactus_side",
        
		"bottom": "block/cactus_bottom",
        
		"top": "block/cactus_top",
        
		"side": "block/cactus_side",
 
		"flower": "block/cactus_flower",
		"side_flower": "block/cactus_side_flower"   
	},
    
	"elements": [
{   
		"from": [ 0, 0, 0 ],
            
		"to": [ 16, 16, 16 ],
            
		"faces": {
                
			"down": { 
				"uv": [ 0, 0, 16, 16 ], 
				"texture": "#bottom", 
				"cullface": "down" 
			},
                
			"up":   { 
				"uv": [ 0, 0, 16, 16 ], 
				"texture": "#top", 
				"cullface": "up" 
			}
            
		}
        
	},
        
	{   
		"from": [ 0, 0, 1 ],
            
		"to": [ 16, 16, 15 ],
            
		"faces": {
                
			"north": { 
				"uv": [ 0, 0, 16, 16 ], 
				"texture": "#side" 
			},
                
			"south": { 
				"uv": [ 0, 0, 16, 16 ], 
				"texture": "#side" 
			}
           
		}
        
	},
        
	{   
		"from": [ 1, 0, 0 ],
            
		"to": [ 15, 16, 16 ],
            
		"faces": {
                
			"west": { 
				"uv": [ 0, 0, 16, 16 ], 
				"texture": "#side" 
			},
                
			"east": { 
				"uv": [ 0, 0, 16, 16 ], 
				"texture": "#side" 
			}
            
		}
        
	}
,
	{   "from": [ 0.8, 16, 8 ],
            "to": [ 15.2, 32, 8 ],
            "rotation": { "origin": [ 8, 8, 8 ], "axis": "y", "angle": 45, "rescale": true },
            "shade": false,
            "faces": {
                "north": { "uv": [ 0, 0, 16, 16 ], "texture": "#flower" },
                "south": { "uv": [ 0, 0, 16, 16 ], "texture": "#flower" }
            }
        },
        
	{   "from": [ 8, 16, 0.8 ],
            "to": [ 8, 32, 15.2 ],
            "rotation": { "origin": [ 8, 8, 8 ], "axis": "y", "angle": 45, "rescale": true },
            "shade": false,
            "faces": {
                "west": { "uv": [ 0, 0, 16, 16 ], "texture": "#flower" },
                "east": { "uv": [ 0, 0, 16, 16 ], "texture": "#flower" }
            }
        },
	{   "from": [ 1, 0, 8 ],
            "to": [ 17,16, 8 ],
            
            "shade": false,
            "faces": {
                "south": { "uv": [ 0, 0, 16, 16 ], "texture": "#side_flower"}
		
                
            }
        }      
	      
	]
}










