{   
	"ambientocclusion": true,
	"parent": "block/block",
    
	"textures": {
        
		"particle": "block/dirt",
        
		"bottom": "block/dirt",
        
		"top": "block/grass_block_top",
        
		"side": "block/grass_block_side",
       
		"overlay": "block/grass_block_side_overlay"
 ,
		"oak_log3": "block/oak_log3"
		   
	},
    
	"elements": [
        
		{   "from": [ 0, 0, 0 ],
            
		    "to": [ 16, 16, 16 ],
            
		    "faces": {
                
				"down":  { "uv": [ 0, 0, 16, 16 ], "texture": "#bottom", "cullface": "down" },
                
				"up":    { "uv": [ 0, 0, 16, 16 ], "texture": "#top",    "cullface": "up"},
                
				"north": { "uv": [ 0, 0, 16, 16 ], "texture": "#side",   "cullface": "north" },
                
				"south": { "uv": [ 0, 0, 16, 16 ], "texture": "#side",   "cullface": "south" },
                
				"west":  { "uv": [ 0, 0, 16, 16 ], "texture": "#side",   "cullface": "west" },
                
				"east":  { "uv": [ 0, 0, 16, 16 ], "texture": "#side",   "cullface": "east" }
            
		     }
        
		},
        
		{   "from": [ 0, 0, 0 ],
            
		    "to": [ 16, 16, 16 ],
            
		    "faces": {
                
				"north": { "uv": [ 0, 0, 16, 16 ], "texture": "#overlay", "cullface": "north" },
                
				"south": { "uv": [ 0, 0, 16, 16 ], "texture": "#overlay", "cullface": "south" },
                
				"west":  { "uv": [ 0, 0, 16, 16 ], "texture": "#overlay", "cullface": "west" },
                
				"east":  { "uv": [ 0, 0, 16, 16 ], "texture": "#overlay", "cullface": "east" }
            
			}
        
		}
,
		{
            
            "from": [ 7, 16, 7 ], 
            "to": [ 11, 21, 11 ], 
            "faces": {
                "north": { "texture": "#oak_log3", "uv": [ 0, 0, 4, 5 ], "cullface": "up" },
                "east":  { "texture": "#oak_log3", "uv": [ 0, 0, 4, 5 ], "cullface": "up" },
                "south": { "texture": "#oak_log3", "uv": [ 0, 0, 4, 5 ], "cullface": "up" },
                "west":  { "texture": "#oak_log3", "uv": [ 0, 0, 4, 5 ], "cullface": "up" },
                "up":    { "texture": "#oak_log3", "uv": [ 10, 3, 14, 7 ], "cullface": "up" }
            }
        },
        {
            
            "from": [ 6, 16, 8 ], 
            "to": [ 7, 20, 9 ], 
            "faces": {
                "north": { "texture": "#oak_log3", "uv": [ 0, 0, 1, 4 ], "cullface": "up" },
                "west":  { "texture": "#oak_log3", "uv": [ 0, 0, 1, 4 ], "cullface": "up" },
                "up":    { "texture": "#oak_log3", "uv": [ 0, 0, 1, 1 ], "cullface": "up" }
            }
        },
        {
            
            "from": [ 11, 16, 8 ], 
            "to": [ 12, 22, 10 ], 
            "faces": {
                "north": { "texture": "#oak_log3", "uv": [ 0, 0, 1, 6 ], "cullface": "up" },
                "east":  { "texture": "#oak_log3", "uv": [ 0, 0, 2, 6 ], "cullface": "up" },
                "south": { "texture": "#oak_log3", "uv": [ 0, 0, 1, 6 ], "cullface": "up" },
                "west":  { "texture": "#oak_log3", "uv": [ 0, 0, 2, 6 ], "cullface": "up" },
                "up":    { "texture": "#oak_log3", "uv": [ 0, 0, 1, 2 ], "cullface": "up" }
            }
        },
        {
            
            "from": [ 8, 16, 11 ], 
            "to": [ 10, 23, 12 ], 
            "faces": {
                "north": { "texture": "#oak_log3", "uv": [ 0, 0, 2, 7 ], "cullface": "up" },
                "east":  { "texture": "#oak_log3", "uv": [ 0, 0, 1, 7 ], "cullface": "up" },
                "south": { "texture": "#oak_log3", "uv": [ 0, 0, 2, 7 ], "cullface": "up" },
                "west":  { "texture": "#oak_log3", "uv": [ 0, 0, 1, 7 ], "cullface": "up" },
                "up":    { "texture": "#oak_log3", "uv": [ 0, 0, 2, 1 ], "cullface": "up" }
            }
        },
        {
            
            "from": [ 8, 16, 6 ], 
            "to": [ 10, 20, 7 ], 
            "faces": {
                "north": { "texture": "#oak_log3", "uv": [ 0, 0, 2, 4 ], "cullface": "up" },
                "east":  { "texture": "#oak_log3", "uv": [ 0, 0, 1, 4 ], "cullface": "up" },
                "west":  { "texture": "#oak_log3", "uv": [ 0, 0, 1, 4 ], "cullface": "up" },
                "up":    { "texture": "#oak_log3", "uv": [ 0, 0, 2, 1 ], "cullface": "up" }
            }
        },
        {
            
            "from": [ 10, 21, 10 ], 
            "to": [ 11, 23, 11 ], 
            "faces": {
                "north": { "texture": "#oak_log3", "uv": [ 0, 0, 1, 2 ], "cullface": "up" },
                "east":  { "texture": "#oak_log3", "uv": [ 0, 0, 1, 2 ], "cullface": "up" },
                "south": { "texture": "#oak_log3", "uv": [ 0, 0, 1, 2 ], "cullface": "up" },
                "west":  { "texture": "#oak_log3", "uv": [ 0, 0, 1, 2 ], "cullface": "up" },
                "up":    { "texture": "#oak_log3", "uv": [ 0, 0, 1, 1 ], "cullface": "up" }
            }
        },
        {
            
            "from": [ 7, 21, 10 ], 
            "to": [ 8, 22, 11 ], 
            "faces": {
                "north": { "texture": "#oak_log3", "uv": [ 0, 0, 1, 1 ], "cullface": "up" },
                "east":  { "texture": "#oak_log3", "uv": [ 0, 0, 1, 1 ], "cullface": "up" },
                "south": { "texture": "#oak_log3", "uv": [ 0, 0, 1, 1 ], "cullface": "up" },
                "west":  { "texture": "#oak_log3", "uv": [ 0, 0, 2, 1 ], "cullface": "up" },
                "up":    { "texture": "#oak_log3", "uv": [ 0, 0, 1, 1 ], "cullface": "up" }
            }
        },
        {
            
            "from": [ 6, 16, 9 ], 
            "to": [ 7, 21, 10 ], 
            "faces": {
                "north": { "texture": "#oak_log3", "uv": [ 0, 0, 1, 5 ], "cullface": "up" },
                "south": { "texture": "#oak_log3", "uv": [ 0, 0, 1, 5 ], "cullface": "up" },
                "west":  { "texture": "#oak_log3", "uv": [ 0, 0, 1, 5 ], "cullface": "up" },
                "up":    { "texture": "#oak_log3", "uv": [ 0, 0, 1, 1 ], "cullface": "up" }
            }
        },
        {
            
            "from": [ 5, 16, 8 ], 
            "to": [ 6, 18, 10 ], 
            "faces": {
                "north": { "texture": "#oak_log3", "uv": [ 0, 0, 1, 2 ], "cullface": "up" },
                "east":  { "texture": "#oak_log3", "uv": [ 0, 0, 2, 2 ], "cullface": "up" },
                "south": { "texture": "#oak_log3", "uv": [ 0, 0, 1, 2 ], "cullface": "up" },
                "west":  { "texture": "#oak_log3", "uv": [ 0, 0, 2, 2 ], "cullface": "up" },
                "up":    { "texture": "#oak_log3", "uv": [ 0, 0, 1, 2 ], "cullface": "up" }
            }
        },
        {
            
            "from": [ 8, 16, 4 ], 
            "to": [ 10, 18, 6 ], 
            "faces": {
                "north": { "texture": "#oak_log3", "uv": [ 0, 0, 2, 2 ], "cullface": "up" },
                "east":  { "texture": "#oak_log3", "uv": [ 0, 0, 2, 2 ], "cullface": "up" },
                "west":  { "texture": "#oak_log3", "uv": [ 0, 0, 2, 2 ], "cullface": "up" },
                "up":    { "texture": "#oak_log3", "uv": [ 0, 0, 2, 2 ], "cullface": "up" }
            }
        },
        {
            
            "from": [ 9, 16, 2 ], 
            "to": [ 10, 17, 4 ], 
            "faces": {
                "north": { "texture": "#oak_log3", "uv": [ 0, 0, 1, 1 ], "cullface": "up" },
                "east":  { "texture": "#oak_log3", "uv": [ 0, 0, 2, 1 ], "cullface": "up" },
                "west":  { "texture": "#oak_log3", "uv": [ 0, 0, 2, 1 ], "cullface": "up" },
                "up":    { "texture": "#oak_log3", "uv": [ 0, 0, 1, 2 ], "cullface": "up" }
            }
        },
        {
            
            "from": [ 10, 21, 7 ], 
            "to": [ 11, 22, 8 ], 
            "faces": {
                "north": { "texture": "#oak_log3", "uv": [ 0, 0, 1, 1 ], "cullface": "up" },
                "east":  { "texture": "#oak_log3", "uv": [ 0, 0, 1, 1 ], "cullface": "up" },
                "south": { "texture": "#oak_log3", "uv": [ 0, 0, 1, 1 ], "cullface": "up" },
                "west":  { "texture": "#oak_log3", "uv": [ 0, 0, 1, 1 ], "cullface": "up" },
                "up":    { "texture": "#oak_log3", "uv": [ 0, 0, 1, 1 ], "cullface": "up" }
            }
        },
        {
            
            "from": [ 7, 21, 7 ], 
            "to": [ 8, 22, 8 ], 
            "faces": {
                "north": { "texture": "#oak_log3", "uv": [ 0, 0, 1, 1 ], "cullface": "up" },
                "east":  { "texture": "#oak_log3", "uv": [ 0, 0, 1, 1 ], "cullface": "up" },
                "south": { "texture": "#oak_log3", "uv": [ 0, 0, 1, 1 ], "cullface": "up" },
                "west":  { "texture": "#oak_log3", "uv": [ 0, 0, 1, 1 ], "cullface": "up" },
                "up":    { "texture": "#oak_log3", "uv": [ 0, 0, 1, 1 ], "cullface": "up" }
            }
        },
        {
            
            "from": [ 8, 23, 11 ], 
            "to": [ 9, 25, 12 ], 
            "faces": {
                "north": { "texture": "#oak_log3", "uv": [ 0, 0, 1, 2 ], "cullface": "up" },
                "east":  { "texture": "#oak_log3", "uv": [ 0, 0, 1, 2 ], "cullface": "up" },
                "south": { "texture": "#oak_log3", "uv": [ 0, 0, 1, 2 ], "cullface": "up" },
                "west":  { "texture": "#oak_log3", "uv": [ 0, 0, 1, 2 ], "cullface": "up" },
                "up":    { "texture": "#oak_log3", "uv": [ 0, 2, 1, 3 ], "cullface": "up" }
            }
        }    
	]

}
