{   
	"ambientocclusion": true,
	"parent": "block/block",
    
	"textures": {
        
		"particle": "block/dirt",
        
		"bottom": "block/dirt",
        
		"top": "block/grass_block_top",
        
		"side": "block/grass_block_side",
       
		"overlay": "block/grass_block_side_overlay"
 ,
		"rock": "block/rock"
		   
	},
    
	"elements": [
        
		{   "from": [ 0, 0, 0 ],
            
		    "to": [ 16, 16, 16 ],
            
		    "faces": {
                
				"down":  { "uv": [ 0, 0, 16, 16 ], "texture": "#bottom", "cullface": "down" },
                
				"up":    { "uv": [ 0, 0, 16, 16 ], "texture": "#top",    "cullface": "up"},
                
				"north": { "uv": [ 0, 0, 16, 16 ], "texture": "#side",   "cullface": "north" },
                
				"south": { "uv": [ 0, 0, 16, 16 ], "texture": "#side",   "cullface": "south" },
                
				"west":  { "uv": [ 0, 0, 16, 16 ], "texture": "#side",   "cullface": "west" },
                
				"east":  { "uv": [ 0, 0, 16, 16 ], "texture": "#side",   "cullface": "east" }
            
		     }
        
		},
        
		{   "from": [ 0, 0, 0 ],
            
		    "to": [ 16, 16, 16 ],
            
		    "faces": {
                
				"north": { "uv": [ 0, 0, 16, 16 ], "texture": "#overlay", "cullface": "north" },
                
				"south": { "uv": [ 0, 0, 16, 16 ], "texture": "#overlay", "cullface": "south" },
                
				"west":  { "uv": [ 0, 0, 16, 16 ], "texture": "#overlay", "cullface": "west" },
                
				"east":  { "uv": [ 0, 0, 16, 16 ], "texture": "#overlay", "cullface": "east" }
            
			}
        
		}
,




		{
            		"from": [ 8, 16, 7 ], 
            		"to": [ 12, 17, 11 ],
					"shade": false,
            		"faces": {
						"north": { "texture": "#rock", "uv": [ 0, 0, 4, 1 ], "cullface": "up" },
                		"east":  { "texture": "#rock", "uv": [ 0, 0, 4, 1 ], "cullface": "up" },
                		"south": { "texture": "#rock", "uv": [ 0, 0, 4, 1 ], "cullface": "up" },
                		"west":  { "texture": "#rock", "uv": [ 0, 0, 4, 1 ], "cullface": "up" },
                		"up": 	 { "texture": "#rock", "uv": [ 0, 0, 4, 4 ], "cullface": "up" }
            		}
        	},
        	{
            		
            		"from": [ 5, 16, 4 ], 
            		"to": [ 8, 17, 6 ],
					"shade": false,
            		"faces": {
                		"north": { "texture": "#rock", "uv": [ 0, 0, 3, 1 ], "cullface": "up" },
                		"east":  { "texture": "#rock", "uv": [ 0, 0, 2, 1 ], "cullface": "up" },
                		"south": { "texture": "#rock", "uv": [ 0, 0, 3, 1 ], "cullface": "up" },
                		"west":  { "texture": "#rock", "uv": [ 0, 0, 2, 1 ], "cullface": "up" },
                		"up":    { "texture": "#rock", "uv": [ 0, 0, 3, 2 ], "cullface": "up" }
            		}
        	},
        	{
            		
            		"from": [ 2, 16, 9 ], 
            		"to": [ 4, 17, 11 ],
					"shade": false,
            		"faces": {
                		"north": { "texture": "#rock", "uv": [ 0, 0, 2, 1 ], "cullface": "up" },
               	 		"east":  { "texture": "#rock", "uv": [ 0, 0, 2, 1 ], "cullface": "up" },
                		"south": { "texture": "#rock", "uv": [ 0, 0, 2, 1 ], "cullface": "up" },
                		"west":  { "texture": "#rock", "uv": [ 0, 0, 2, 1 ], "cullface": "up" },
                		"up":    { "texture": "#rock", "uv": [ 0, 0, 2, 2 ], "cullface": "up" }
            		}
        	}    
	]

}
