{
	"credit": "Made with Blockbench",
	"textures": {
		"0": "block/shadow_stained_glass",
		"particle": "block/shadow_stained_glass"
	},
	"elements": [
		{
			"from": [-0.02, -0.02, -0.02],
			"to": [16.02, 16.02, 16.02],
			"faces": {
				"north": {"uv": [0, 0, 16, 16], "texture": "#0"},
				"south": {"uv": [0, 0, 16, 16], "texture": "#0"}
			}
		}
	],
	"display": {
		"thirdperson_righthand": {
			"rotation": [75, 45, 0],
			"translation": [0, 2.5, 0],
			"scale": [0.375, 0.375, 0.375]
		},
		"thirdperson_lefthand": {
			"rotation": [75, 45, 0],
			"translation": [0, 2.5, 0],
			"scale": [0.375, 0.375, 0.375]
		},
		"firstperson_righthand": {
			"rotation": [-158.88, 63.62, 174.03],
			"translation": [0, 3.75, 2.75],
			"scale": [0.26, 0.26, 0.26]
		},
		"firstperson_lefthand": {
			"rotation": [-158.88, 63.62, 174.03],
			"translation": [0, 3.75, 2.75],
			"scale": [0.26, 0.26, 0.26]
		},
		"ground": {
			"translation": [0, 3, 0],
			"scale": [0.25, 0.25, 0.25]
		},
		"gui": {
			"rotation": [-180, 0, -180]
		},
		"fixed": {
			"translation": [0, 0, 18],
			"scale": [2, 2, 2]
		}
	}
}