{
	"credit": "Made with Blockbench",
	"textures": {
		"0": "block/warping_flowers",
		"particle": "block/warping_flowers"
	},
	"elements": [
		{
			"from": [1, 12, 1],
			"to": [15, 13, 15],
			"faces": {
				"north": {"uv": [0, 13, 14, 14], "texture": "#0"},
				"east": {"uv": [0, 13, 14, 14], "texture": "#0"},
				"south": {"uv": [0, 13, 14, 14], "texture": "#0"},
				"west": {"uv": [0, 13, 14, 14], "texture": "#0"},
				"up": {"uv": [0, 0, 14, 14], "texture": "#0"},
				"down": {"uv": [0, 0, 14, 14], "texture": "#0"}
			}
		},
		{
			"from": [7, 0, 7],
			"to": [9, 13, 9],
			"faces": {
				"north": {"uv": [14, 0, 16, 13], "texture": "#0"},
				"east": {"uv": [14, 3, 16, 16], "texture": "#0"},
				"south": {"uv": [14, 0, 16, 13], "texture": "#0"},
				"west": {"uv": [14, 3, 16, 16], "texture": "#0"}
			}
		},
		{
			"name": "cube inverted",
			"from": [15, 13, 15],
			"to": [1, 12, 1],
			"faces": {
				"north": {"uv": [0, 14, 14, 13], "texture": "#0"},
				"east": {"uv": [0, 14, 14, 13], "texture": "#0"},
				"south": {"uv": [0, 14, 14, 13], "texture": "#0"},
				"west": {"uv": [0, 14, 14, 13], "texture": "#0"},
				"up": {"uv": [14, 0, 0, 14], "texture": "#0"},
				"down": {"uv": [14, 0, 0, 14], "texture": "#0"}
			}
		}
	],
	"display": {
		"thirdperson_righthand": {
			"rotation": [32, 45, 0],
			"translation": [0, 2.5, 2.75],
			"scale": [0.52, 0.52, 0.52]
		},
		"thirdperson_lefthand": {
			"rotation": [32, 45, 0],
			"translation": [0, 2.5, 2.75],
			"scale": [0.52, 0.52, 0.52]
		},
		"firstperson_righthand": {
			"rotation": [7.72, 36.56, 1.19],
			"translation": [0.75, 1.5, 0],
			"scale": [0.5, 0.5, 0.5]
		},
		"firstperson_lefthand": {
			"rotation": [7.72, 36.56, 1.19],
			"translation": [0.75, 1.5, 0],
			"scale": [0.5, 0.5, 0.5]
		},
		"ground": {
			"translation": [0, 3, 0],
			"scale": [0.51, 0.51, 0.51]
		},
		"gui": {
			"rotation": [30, 29, 0],
			"scale": [0.95, 0.95, 0.95]
		},
		"head": {
			"translation": [0.25, 14.25, 0]
		},
		"fixed": {
			"rotation": [-90, 0, 0],
			"translation": [0, 0, -14],
			"scale": [2, 2, 2]
		}
	}
}