{
	"credit": "Made with Blockbench",
	"textures": {
		"0": "block/warping_flowers",
		"particle": "block/warping_flowers"
	},
	"elements": [
		{
			"from": [4, 12, 5],
			"to": [18, 13, 19],
			"faces": {
				"north": {"uv": [0, 13, 14, 14], "texture": "#0"},
				"east": {"uv": [0, 13, 14, 14], "texture": "#0"},
				"south": {"uv": [0, 13, 14, 14], "texture": "#0"},
				"west": {"uv": [0, 13, 14, 14], "texture": "#0"},
				"up": {"uv": [0, 0, 14, 14], "texture": "#0"},
				"down": {"uv": [0, 0, 14, 14], "texture": "#0"}
			}
		},
		{
			"from": [10, 0, 11],
			"to": [12, 13, 13],
			"faces": {
				"north": {"uv": [14, 0, 16, 13], "texture": "#0"},
				"east": {"uv": [14, 3, 16, 16], "texture": "#0"},
				"south": {"uv": [14, 0, 16, 13], "texture": "#0"},
				"west": {"uv": [14, 3, 16, 16], "texture": "#0"}
			}
		},
		{
			"name": "cube inverted",
			"from": [18, 13, 19],
			"to": [4, 12, 5],
			"faces": {
				"north": {"uv": [0, 14, 14, 13], "texture": "#0"},
				"east": {"uv": [0, 14, 14, 13], "texture": "#0"},
				"south": {"uv": [0, 14, 14, 13], "texture": "#0"},
				"west": {"uv": [0, 14, 14, 13], "texture": "#0"},
				"up": {"uv": [14, 0, 0, 14], "texture": "#0"},
				"down": {"uv": [14, 0, 0, 14], "texture": "#0"}
			}
		},
		{
			"from": [-3, 9, -2],
			"to": [11, 10, 12],
			"faces": {
				"north": {"uv": [0, 13, 14, 14], "texture": "#0"},
				"east": {"uv": [0, 13, 14, 14], "texture": "#0"},
				"south": {"uv": [0, 13, 14, 14], "texture": "#0"},
				"west": {"uv": [0, 13, 14, 14], "texture": "#0"},
				"up": {"uv": [0, 0, 14, 14], "texture": "#0"},
				"down": {"uv": [0, 0, 14, 14], "texture": "#0"}
			}
		},
		{
			"from": [3, 0, 4],
			"to": [5, 10, 6],
			"faces": {
				"north": {"uv": [14, 0, 16, 9], "texture": "#0"},
				"east": {"uv": [14, 6, 16, 15], "texture": "#0"},
				"south": {"uv": [14, 0, 16, 9], "texture": "#0"},
				"west": {"uv": [14, 6, 16, 15], "texture": "#0"}
			}
		},
		{
			"name": "cube inverted",
			"from": [11, 10, 12],
			"to": [-3, 9, -2],
			"faces": {
				"north": {"uv": [0, 14, 14, 13], "texture": "#0"},
				"east": {"uv": [0, 14, 14, 13], "texture": "#0"},
				"south": {"uv": [0, 14, 14, 13], "texture": "#0"},
				"west": {"uv": [0, 14, 14, 13], "texture": "#0"},
				"up": {"uv": [14, 0, 0, 14], "texture": "#0"},
				"down": {"uv": [14, 0, 0, 14], "texture": "#0"}
			}
		}
	],
	"display": {
		"thirdperson_righthand": {
			"rotation": [32, 45, 0],
			"translation": [0, 2.5, 2.75],
			"scale": [0.52, 0.52, 0.52]
		},
		"thirdperson_lefthand": {
			"rotation": [32, 45, 0],
			"translation": [0, 2.5, 2.75],
			"scale": [0.52, 0.52, 0.52]
		},
		"firstperson_righthand": {
			"rotation": [8.64, 44, -0.21],
			"translation": [0.75, 1.5, 0],
			"scale": [0.5, 0.5, 0.5]
		},
		"firstperson_lefthand": {
			"rotation": [8.81, -45.12, 12.11],
			"translation": [0.75, 1.5, 0],
			"scale": [0.5, 0.5, 0.5]
		},
		"ground": {
			"translation": [0, 3, 0],
			"scale": [0.51, 0.51, 0.51]
		},
		"gui": {
			"rotation": [30, 29, 0],
			"scale": [0.66, 0.66, 0.66]
		},
		"head": {
			"translation": [0.25, 14.25, 0]
		},
		"fixed": {
			"rotation": [-90, 0, 0],
			"translation": [0, 0, -14],
			"scale": [2, 2, 2]
		}
	}
}