{
	"credit": "Made with Blockbench",
	"texture_size": [128, 128],
	"textures": {
		"1": "entity/trampler_hurt"
	},
	"elements": [
		{
			"name": "body",
			"from": [0, 13, -1],
			"to": [16, 29, 19],
			"rotation": {"angle": 0, "axis": "y", "origin": [0, 13, -15]},
			"faces": {
				"north": {"uv": [2.5, 2.5, 4.5, 4.5], "texture": "#1"},
				"east": {"uv": [0, 2.5, 2.5, 4.5], "texture": "#1"},
				"south": {"uv": [7, 2.5, 9, 4.5], "texture": "#1"},
				"west": {"uv": [4.5, 2.5, 7, 4.5], "texture": "#1"},
				"up": {"uv": [4.5, 2.5, 2.5, 0], "texture": "#1"},
				"down": {"uv": [6.5, 0, 4.5, 2.5], "texture": "#1"}
			}
		},
		{
			"from": [7, 19, -1.02],
			"to": [9, 22, -0.02],
			"rotation": {"angle": 0, "axis": "y", "origin": [0, 32, -25]},
			"faces": {
				"north": {"uv": [0.125, 0.125, 0.375, 0.5], "texture": "#1"},
				"east": {"uv": [0, 0.125, 0.125, 0.5], "texture": "#1"},
				"south": {"uv": [0.5, 0.125, 0.75, 0.5], "texture": "#1"},
				"west": {"uv": [0.375, 0.125, 0.5, 0.5], "texture": "#1"},
				"up": {"uv": [0.375, 0.125, 0.125, 0], "texture": "#1"},
				"down": {"uv": [0.625, 0, 0.375, 0.125], "texture": "#1"}
			}
		},
		{
			"name": "head",
			"from": [3, 22, -2.01],
			"to": [13, 28, -1.01],
			"rotation": {"angle": 0, "axis": "y", "origin": [4, 11, 9]},
			"faces": {
				"north": {"uv": [11.5, 6, 12.75, 6.75], "texture": "#1"},
				"east": {"uv": [11.375, 6, 11.5, 6.75], "texture": "#1"},
				"south": {"uv": [12.875, 6, 14.125, 6.75], "texture": "#1"},
				"west": {"uv": [12.75, 6, 12.875, 6.75], "texture": "#1"},
				"up": {"uv": [12.75, 6, 11.5, 5.875], "texture": "#1"},
				"down": {"uv": [14, 5.875, 12.75, 6], "texture": "#1"}
			}
		},
		{
			"name": "head",
			"from": [3, 14, -2.01],
			"to": [13, 21, -1.01],
			"rotation": {"angle": 0, "axis": "y", "origin": [4, 4, 9]},
			"faces": {
				"north": {"uv": [11.5, 6.875, 12.75, 7.75], "texture": "#1"},
				"east": {"uv": [11.375, 6.875, 11.5, 7.75], "texture": "#1"},
				"south": {"uv": [12.875, 6.875, 14.125, 7.75], "texture": "#1"},
				"west": {"uv": [12.75, 6.875, 12.875, 7.75], "texture": "#1"},
				"up": {"uv": [12.75, 6.875, 11.5, 6.75], "texture": "#1"},
				"down": {"uv": [14, 6.75, 12.75, 6.875], "texture": "#1"}
			}
		},
		{
			"name": "leg3",
			"from": [-6, -11, -4],
			"to": [0, 32, 2],
			"rotation": {"angle": 0, "axis": "x", "origin": [-2, 0, -2]},
			"faces": {
				"north": {"uv": [8.25, 8.25, 9, 13.625], "texture": "#1"},
				"east": {"uv": [7.5, 8.25, 8.25, 13.625], "texture": "#1"},
				"south": {"uv": [9.75, 8.25, 10.5, 13.625], "texture": "#1"},
				"west": {"uv": [9, 8.25, 9.75, 13.625], "texture": "#1"},
				"up": {"uv": [9, 8.25, 8.25, 7.5], "texture": "#1"},
				"down": {"uv": [9.75, 7.5, 9, 8.25], "texture": "#1"}
			}
		},
		{
			"name": "leg2",
			"from": [16, -11, -4],
			"to": [22, 32, 2],
			"rotation": {"angle": 0, "axis": "y", "origin": [4, 0, -2]},
			"faces": {
				"north": {"uv": [0.75, 9.125, 1.5, 14.5], "texture": "#1"},
				"east": {"uv": [0, 9.125, 0.75, 14.5], "texture": "#1"},
				"south": {"uv": [2.25, 9.125, 3, 14.5], "texture": "#1"},
				"west": {"uv": [1.5, 9.125, 2.25, 14.5], "texture": "#1"},
				"up": {"uv": [1.5, 9.125, 0.75, 8.375], "texture": "#1"},
				"down": {"uv": [2.25, 8.375, 1.5, 9.125], "texture": "#1"}
			}
		},
		{
			"name": "leg1",
			"from": [-5, -11, 16],
			"to": [0, 32, 21],
			"rotation": {"angle": 0, "axis": "y", "origin": [-1, 0, -7]},
			"faces": {
				"north": {"uv": [3.625, 9, 4.25, 14.375], "texture": "#1"},
				"east": {"uv": [3, 9, 3.625, 14.375], "texture": "#1"},
				"south": {"uv": [4.875, 9, 5.5, 14.375], "texture": "#1"},
				"west": {"uv": [4.25, 9, 4.875, 14.375], "texture": "#1"},
				"up": {"uv": [4.25, 9, 3.625, 8.375], "texture": "#1"},
				"down": {"uv": [4.875, 8.375, 4.25, 9], "texture": "#1"}
			}
		},
		{
			"name": "leg0",
			"from": [16, -11, 16],
			"to": [21, 32, 21],
			"rotation": {"angle": 0, "axis": "y", "origin": [4, 0, -7]},
			"faces": {
				"north": {"uv": [9.625, 0.625, 10.25, 6], "texture": "#1"},
				"east": {"uv": [9, 0.625, 9.625, 6], "texture": "#1"},
				"south": {"uv": [10.875, 0.625, 11.5, 6], "texture": "#1"},
				"west": {"uv": [10.25, 0.625, 10.875, 6], "texture": "#1"},
				"up": {"uv": [10.25, 0.625, 9.625, 0], "texture": "#1"},
				"down": {"uv": [10.875, 0, 10.25, 0.625], "texture": "#1"}
			}
		}
	],
	"display": {
		"head": {
			"translation": [0, -51, 0],
			"scale": [1.6, 1.6, 1.6]
		}
	},
	"groups": [
		{
			"name": "all",
			"origin": [0, 33, -7],
			"color": 0,
			"children": [
				{
					"name": "body",
					"origin": [0, 34, 2],
					"color": 0,
					"children": [
						0,
						{
							"name": "head",
							"origin": [0, 25, -7],
							"color": 0,
							"children": [
								1,
								{
									"name": "Top",
									"origin": [0, 39, -7],
									"color": 0,
									"children": [2]
								},
								{
									"name": "mouth",
									"origin": [0, 25, -7],
									"color": 0,
									"children": [3]
								}
							]
						}
					]
				},
				{
					"name": "legFrontLeft",
					"origin": [-8, 37, -6],
					"color": 0,
					"children": [4]
				},
				{
					"name": "legFrontRight",
					"origin": [8, 37, -6],
					"color": 0,
					"children": [5]
				},
				{
					"name": "legBackLeft",
					"origin": [-8, 38, 12],
					"color": 0,
					"children": [6]
				},
				{
					"name": "legBackRight",
					"origin": [8, 38, 12],
					"color": 0,
					"children": [7]
				}
			]
		}
	]
}