{
    "ambientocclusion": false,
    "textures": {
        "particle": "#cross"
    },
    "elements": [
        {   "from": [ 0.8, 0, 8 ],
            "to": [ 15.2, 16, 8 ],
            "rotation": { "origin": [ 8, 8, 8 ], "axis": "y", "angle": 45, "rescale": true },
            "shade": false,
            "faces": {
                "north": { "uv": [ 0, 0, 16, 16 ], "texture": "#cross"},
                "south": { "uv": [ 0, 0, 16, 16 ], "texture": "#cross"}
            }
        },
        {   "from": [ 8, 0, 0.8 ],
            "to": [ 8, 16, 15.2 ],
            "rotation": { "origin": [ 8, 8, 8 ], "axis": "y", "angle": 45, "rescale": true },
            "shade": false,
            "faces": {
                "west": { "uv": [ 0, 0, 16, 16 ], "texture": "#cross"},
                "east": { "uv": [ 0, 0, 16, 16 ], "texture": "#cross"}
            }
        },
		{   "from": [ 0.8, 16, 8 ],
            "to": [ 15.2, 32, 8 ],
            "rotation": { "origin": [ 8, 8, 8 ], "axis": "y", "angle": 45, "rescale": true },
            "shade": false,
            "faces": {
                "north": { "uv": [ 0, 0, 16, 16 ], "texture": "#top"},
                "south": { "uv": [ 0, 0, 16, 16 ], "texture": "#top"}
            }
        },
        {   "from": [ 8, 16, 0.8 ],
            "to": [ 8, 32, 15.2 ],
            "rotation": { "origin": [ 8, 8, 8 ], "axis": "y", "angle": 45, "rescale": true },
            "shade": false,
            "faces": {
                "west": { "uv": [ 0, 0, 16, 16 ], "texture": "#top"},
                "east": { "uv": [ 0, 0, 16, 16 ], "texture": "#top"}
            }
        }
    ]
}
