{
    
	"variants": {
        
		"": [ 
			{ "model": "block/oak_leaves/parent/oak_leaves", "weight": 199 }
,	
			{ "model": "block/oak_leaves/parent/oak_leaves4", "weight": 150 }
,
			{ "model": "block/oak_leaves/parent/oak_leaves3", "weight": 150 }
,
			{ "model": "block/oak_leaves/parent/oak_leaves2", "weight": 100 }
,

			{ "model": "block/oak_leaves/parent/oak_1apple", "weight": 3 },
			{ "model": "block/oak_leaves/parent/oak_1apple", "y": 90, "weight": 3 },
			{ "model": "block/oak_leaves/parent/oak_1apple", "y": 180, "weight": 3 },
			{ "model": "block/oak_leaves/parent/oak_1apple", "y": 270, "weight": 3 },
			
			{ "model": "block/oak_leaves/parent/oak_2apple", "weight": 1 },
			{ "model": "block/oak_leaves/parent/oak_2apple", "y": 90, "weight": 1 },
			{ "model": "block/oak_leaves/parent/oak_2apple", "y": 180, "weight": 1 },
			{ "model": "block/oak_leaves/parent/oak_2apple", "y": 270, "weight": 1 }     
		]  
	}

}
