{
	"credit": "Made with Blockbench",
	"ambientocclusion": false,
	"textures": {
		"0": "block/pizza_inside",
		"1": "block/pizza_cheese_fungus",
		"2": "block/pizza_crust",
		"particle": "pizza_inside"
	},
	"elements": [
		{
			"from": [1, 0, 1],
			"to": [15, 3, 8],
			"faces": {
				"south": {"uv": [1, 6, 15, 9], "texture": "#0"},
				"up": {"uv": [1, 1, 15, 8], "texture": "#1"}
			}
		},
		{
			"from": [8, 0, 8],
			"to": [15, 3, 15],
			"faces": {
				"west": {"uv": [1, 3, 8, 6], "texture": "#0"},
				"up": {"uv": [1, 8, 8, 15], "texture": "#1"}
			}
		},
		{
			"from": [0, 0, 9],
			"to": [7, 3, 16],
			"faces": {
				"north": {"uv": [1, 3, 8, 6], "texture": "#0"},
				"east": {"uv": [8, 3, 1, 6], "texture": "#0"},
				"up": {"uv": [8, 8, 15, 15], "texture": "#1"}
			}
		},
		{
			"from": [-0.2, -0.2, 8.8],
			"to": [7.2, 3.2, 16.2],
			"faces": {
				"north": {"uv": [8, 8, 15, 12], "texture": "#2"},
				"east": {"uv": [15, 8, 8, 12], "texture": "#2"},
				"south": {"uv": [8, 0, 15, 3], "texture": "#0"},
				"west": {"uv": [1, 0, 8, 3], "texture": "#0"},
				"up": {"uv": [8, 8, 1, 15], "texture": "#2"}
			}
		},
		{
			"from": [7.8, -0.2, 7.8],
			"to": [15.2, 3.2, 15.2],
			"faces": {
				"east": {"uv": [1, 0, 8, 3], "texture": "#0"},
				"south": {"uv": [1, 0, 8, 3], "texture": "#0"},
				"west": {"uv": [8, 8, 15, 12], "texture": "#2"},
				"up": {"uv": [1, 8, 8, 15], "texture": "#2"}
			}
		},
		{
			"from": [0.8, -0.2, 0.8],
			"to": [15.2, 3.2, 8.2],
			"faces": {
				"north": {"uv": [1, 0, 15, 3], "texture": "#0"},
				"east": {"uv": [8, 0, 1, 3], "texture": "#0"},
				"south": {"uv": [1, 9, 15, 12], "texture": "#0"},
				"west": {"uv": [1, 0, 8, 3], "texture": "#0"},
				"up": {"uv": [1, 1, 15, 7], "texture": "#2"}
			}
		}
	],
	"display": {
		"thirdperson_righthand": {
			"rotation": [75, 45, 0],
			"translation": [0, 2.5, 0],
			"scale": [0.375, 0.375, 0.375]
		},
		"thirdperson_lefthand": {
			"rotation": [75, 45, 0],
			"translation": [0, 2.5, 0],
			"scale": [0.375, 0.375, 0.375]
		},
		"firstperson_righthand": {
			"rotation": [-3.75, -59.25, 0],
			"translation": [1.25, 4.5, 0],
			"scale": [0.55, 0.55, 0.55]
		},
		"firstperson_lefthand": {
			"rotation": [-3.75, -59.25, 0],
			"translation": [1.25, 4.5, 0],
			"scale": [0.55, 0.55, 0.55]
		},
		"ground": {
			"translation": [0, 3, 0],
			"scale": [0.37, 0.37, 0.37]
		},
		"gui": {
			"rotation": [30, 65.25, 0],
			"translation": [0, 3.25, 0],
			"scale": [0.81, 0.81, 0.81]
		},
		"fixed": {
			"rotation": [-90, 0, 0],
			"translation": [0, 0, -14],
			"scale": [2, 2, 2]
		}
	},
	"groups": [0, 1, 2,
		{
			"name": "group",
			"origin": [0, 0, 0],
			"children": [3, 4, 5]
		}
	]
}